,AIRPORT_SEQ_ID,AIRPORT_ID,AIRPORT,DISPLAY_AIRPORT_NAME,DISPLAY_AIRPORT_CITY_NAME_FULL,AIRPORT_WAC,AIRPORT_COUNTRY_NAME,AIRPORT_COUNTRY_CODE_ISO,AIRPORT_STATE_NAME,AIRPORT_STATE_CODE,AIRPORT_STATE_FIPS,CITY_MARKET_ID,DISPLAY_CITY_MARKET_NAME_FULL,CITY_MARKET_WAC,LAT_DEGREES,LAT_HEMISPHERE,LAT_MINUTES,LAT_SECONDS,LATITUDE,LON_DEGREES,LON_HEMISPHERE,LON_MINUTES,LON_SECONDS,LONGITUDE,UTC_LOCAL_TIME_VARIATION,AIRPORT_START_DATE,AIRPORT_THRU_DATE,AIRPORT_IS_CLOSED,AIRPORT_IS_LATEST,Unnamed: 29
0,1013501.0,10135.0,ABE,Lehigh Valley International,"Allentown/Bethlehem/Easton, PA",23.0,United States,US,Pennsylvania,PA,42.0,30135.0,"Allentown/Bethlehem/Easton, PA",23.0,40.0,N,39.0,17.0,40.65472222,75.0,W,26.0,18.0,-75.43833333,-500.0,1950-01-01,2011-06-30,0.0,0.0,
1,1013601.0,10136.0,ABI,Abilene Regional,"Abilene, TX",74.0,United States,US,Texas,TX,48.0,30136.0,"Abilene, TX",74.0,32.0,N,24.0,34.0,32.40944444,99.0,W,40.0,47.0,-99.67972222,-600.0,1950-01-01,1990-08-31,0.0,0.0,
2,1014001.0,10140.0,ABQ,Albuquerque International Sunport,"Albuquerque, NM",86.0,United States,US,New Mexico,NM,35.0,30140.0,"Albuquerque, NM",86.0,35.0,N,2.0,30.0,35.04166667,106.0,W,36.0,23.0,-106.60638889,-700.0,1950-01-01,2011-06-30,0.0,0.0,
3,1014101.0,10141.0,ABR,Aberdeen Regional,"Aberdeen, SD",67.0,United States,US,South Dakota,SD,46.0,30141.0,"Aberdeen, SD",67.0,45.0,N,26.0,59.0,45.44972222,98.0,W,25.0,18.0,-98.42166667,-600.0,1950-01-01,2011-06-30,0.0,0.0,
4,1014601.0,10146.0,ABY,Southwest Georgia Regional,"Albany, GA",34.0,United States,US,Georgia,GA,13.0,30146.0,"Albany, GA",34.0,31.0,N,31.0,56.0,31.53222222,84.0,W,11.0,46.0,-84.19611111,-500.0,1950-01-01,2011-06-30,0.0,0.0,
5,1015401.0,10154.0,ACK,Nantucket Memorial,"Nantucket, MA",13.0,United States,US,Massachusetts,MA,25.0,30154.0,"Nantucket, MA",13.0,41.0,N,15.0,24.0,41.25666667,70.0,W,3.0,35.0,-70.05972222,-500.0,1950-01-01,2011-06-30,0.0,0.0,
6,1015501.0,10155.0,ACT,Waco Regional,"Waco, TX",74.0,United States,US,Texas,TX,48.0,30155.0,"Waco, TX",74.0,31.0,N,36.0,41.0,31.61138889,97.0,W,13.0,43.0,-97.22861111,-600.0,1950-01-01,2011-06-30,0.0,0.0,
7,1015701.0,10157.0,ACV,Arcata,"Arcata/Eureka, CA",91.0,United States,US,California,CA,6.0,30157.0,"Eureka/Arcata, CA",91.0,40.0,N,58.0,45.0,40.97916667,124.0,W,6.0,27.0,-124.1075,-800.0,1950-01-01,2011-06-30,0.0,0.0,
8,1015801.0,10158.0,ACY,Nafec Atlantic City,"Atlantic City, NJ",21.0,United States,US,New Jersey,NJ,34.0,30158.0,"Atlantic City, NJ",21.0,39.0,N,27.0,22.0,39.45611111,74.0,W,34.0,41.0,-74.57805556,-500.0,1950-01-01,1976-05-31,0.0,0.0,
9,1016501.0,10165.0,ADK,Adak NS,"Adak Island, AK",1.0,United States,US,Alaska,AK,2.0,30165.0,"Adak Island, AK",1.0,51.0,N,52.0,58.0,51.88277778,176.0,W,38.0,41.0,-176.64472222,-1000.0,1950-01-01,2011-06-30,0.0,0.0,
10,1017001.0,10170.0,ADQ,Kodiak Airport,"Kodiak, AK",1.0,United States,US,Alaska,AK,2.0,30070.0,"Kodiak, AK",1.0,57.0,N,45.0,0.0,57.75,152.0,W,29.0,38.0,-152.49388889,-900.0,1950-01-01,2017-08-31,0.0,0.0,
11,1018501.0,10185.0,AEX,England AFB,"Alexandria, LA",72.0,United States,US,Louisiana,LA,22.0,30185.0,"Alexandria, LA",72.0,31.0,N,19.0,27.0,31.32416667,92.0,W,32.0,49.0,-92.54694444,-600.0,1950-01-01,2002-12-31,0.0,0.0,
12,1019401.0,10194.0,AFW,Fort Worth Alliance,"Dallas/Fort Worth, TX",74.0,United States,US,Texas,TX,48.0,30194.0,"Dallas/Fort Worth, TX",74.0,32.0,N,59.0,12.0,32.98666667,97.0,W,19.0,3.0,-97.3175,-600.0,1990-03-01,2011-06-30,0.0,0.0,
13,1020801.0,10208.0,AGS,Bush Field,"Augusta, GA",34.0,United States,US,Georgia,GA,13.0,30208.0,"Augusta, GA",34.0,33.0,N,22.0,9.0,33.36916667,81.0,W,57.0,52.0,-81.96444444,-500.0,1950-01-01,2000-06-30,0.0,0.0,
14,1024501.0,10245.0,AKN,King Salmon Airport,"King Salmon, AK",1.0,United States,US,Alaska,AK,2.0,30245.0,"King Salmon, AK",1.0,58.0,N,40.0,40.0,58.67777778,156.0,W,39.0,6.0,-156.65166667,-900.0,1950-01-01,2011-06-30,0.0,0.0,
15,1025701.0,10257.0,ALB,Albany International,"Albany, NY",22.0,United States,US,New York,NY,36.0,30257.0,"Albany, NY",22.0,42.0,N,44.0,45.0,42.74583333,73.0,W,48.0,19.0,-73.80527778,-500.0,1950-01-01,2011-06-30,0.0,0.0,
16,1026801.0,10268.0,ALO,Waterloo Regional,"Waterloo, IA",61.0,United States,US,Iowa,IA,19.0,30268.0,"Waterloo, IA",61.0,42.0,N,33.0,22.0,42.55611111,92.0,W,23.0,59.0,-92.39972222,-600.0,1950-01-01,2011-06-30,0.0,0.0,
17,1027201.0,10272.0,ALS,Alamosa Municipal,"Alamosa, CO",82.0,United States,US,Colorado,CO,8.0,30272.0,"Alamosa, CO",82.0,37.0,N,26.0,12.0,37.43666667,105.0,W,52.0,0.0,-105.86666667,-700.0,1950-01-01,2011-06-30,0.0,0.0,
18,1027501.0,10275.0,ALW,Walla Walla Regional,"Walla Walla, WA",93.0,United States,US,Washington,WA,53.0,30275.0,"Walla Walla, WA",93.0,46.0,N,5.0,41.0,46.09472222,118.0,W,17.0,28.0,-118.29111111,-800.0,1950-01-01,2011-06-30,0.0,0.0,
19,1027901.0,10279.0,AMA,Amarillo International,"Amarillo, TX",74.0,United States,US,Texas,TX,48.0,30279.0,"Amarillo, TX",74.0,35.0,N,13.0,38.0,35.22722222,101.0,W,43.0,19.0,-101.72194444,-600.0,1950-01-01,2003-01-31,0.0,0.0,
20,1029901.0,10299.0,ANC,Anchorage International,"Anchorage, AK",1.0,United States,US,Alaska,AK,2.0,30299.0,"Anchorage, AK",1.0,61.0,N,10.0,9.0,61.16916667,149.0,W,59.0,7.0,-149.98527778,-900.0,1950-01-01,1999-12-31,0.0,0.0,
21,1032701.0,10327.0,APC,Napa County,"Napa, CA",91.0,United States,US,California,CA,6.0,30327.0,"Napa, CA",91.0,38.0,N,12.0,44.0,38.21222222,122.0,W,16.0,48.0,-122.28,-800.0,1950-01-01,2011-06-30,0.0,0.0,
22,1033301.0,10333.0,APN,Phelps/Collins,"Alpena, MI",43.0,United States,US,Michigan,MI,26.0,30333.0,"Alpena, MI",43.0,45.0,N,4.0,54.0,45.08166667,83.0,W,33.0,21.0,-83.55583333,-500.0,1950-01-01,2011-06-30,0.0,0.0,
23,1036101.0,10361.0,ART,Watertown International,"Watertown, NY",22.0,United States,US,New York,NY,36.0,30361.0,"Watertown, NY",22.0,43.0,N,59.0,27.0,43.99083333,76.0,W,1.0,17.0,-76.02138889,-500.0,1950-01-01,2011-06-30,0.0,0.0,
24,1037201.0,10372.0,ASE,Aspen Pitkin County Sardy Field,"Aspen, CO",82.0,United States,US,Colorado,CO,8.0,30372.0,"Aspen, CO",82.0,39.0,N,13.0,27.0,39.22416667,106.0,W,52.0,8.0,-106.86888889,-700.0,1950-01-01,2011-06-30,0.0,0.0,
25,1039701.0,10397.0,ATL,Atlanta Municipal,"Atlanta, GA",34.0,United States,US,Georgia,GA,13.0,30397.0,"Atlanta, GA (Metropolitan Area)",34.0,33.0,N,38.0,27.0,33.64083333,84.0,W,25.0,38.0,-84.42722222,-500.0,1950-01-01,1971-06-30,0.0,0.0,
26,1040801.0,10408.0,ATW,Outagamie County Regional,"Appleton, WI",45.0,United States,US,Wisconsin,WI,55.0,30408.0,"Appleton, WI",45.0,44.0,N,15.0,28.0,44.25777778,88.0,W,31.0,12.0,-88.52,-600.0,1950-01-01,2011-06-30,0.0,0.0,
27,1040901.0,10409.0,ATY,Watertown Municipal,"Watertown, SD",67.0,United States,US,South Dakota,SD,46.0,30409.0,"Watertown, SD",67.0,44.0,N,54.0,32.0,44.90888889,97.0,W,9.0,15.0,-97.15416667,-600.0,1950-01-01,2005-12-31,0.0,0.0,
28,1042302.0,10423.0,AUS,Austin - Bergstrom International,"Austin, TX",74.0,United States,US,Texas,TX,48.0,30423.0,"Austin, TX",74.0,30.0,N,11.0,40.0,30.19444444,97.0,W,40.0,12.0,-97.67,-600.0,1999-06-01,,0.0,1.0,
29,1043101.0,10431.0,AVL,Asheville Regional,"Asheville, NC",36.0,United States,US,North Carolina,NC,37.0,30431.0,"Asheville, NC",36.0,35.0,N,26.0,6.0,35.435,82.0,W,32.0,28.0,-82.54111111,-500.0,1950-01-01,2011-06-30,0.0,0.0,
30,1043401.0,10434.0,AVP,Wilkes Barre Scranton International,"Scranton/Wilkes-Barre, PA",23.0,United States,US,Pennsylvania,PA,42.0,30434.0,"Scranton/Wilkes-Barre, PA",23.0,41.0,N,20.0,21.0,41.33916667,75.0,W,43.0,33.0,-75.72583333,-500.0,1950-01-01,2011-06-30,0.0,0.0,
31,1046602.0,10466.0,AZA,Phoenix - Mesa Gateway,"Phoenix, AZ",81.0,United States,US,Arizona,AZ,4.0,30466.0,"Phoenix, AZ",81.0,33.0,N,18.0,28.0,33.30777778,111.0,W,39.0,20.0,-111.65555556,-700.0,2008-01-01,,0.0,1.0,
32,1046901.0,10469.0,AZO,Kalamazoo/Battle Creek International,"Kalamazoo, MI",43.0,United States,US,Michigan,MI,26.0,30469.0,"Kalamazoo, MI",43.0,42.0,N,14.0,11.0,42.23638889,85.0,W,33.0,13.0,-85.55361111,-500.0,1950-01-01,2011-06-30,0.0,0.0,
33,1052101.0,10521.0,BDA,Bermuda NAS Kindley Field,"Hamilton, Bermuda",207.0,Bermuda,BM,,,,30521.0,"Hamilton, Bermuda",207.0,32.0,N,21.0,48.0,32.36333333,64.0,W,40.0,41.0,-64.67805556,-400.0,1950-01-01,1995-05-31,0.0,0.0,
34,1052901.0,10529.0,BDL,Bradley International,"Hartford, CT",11.0,United States,US,Connecticut,CT,9.0,30529.0,"Hartford, CT",11.0,41.0,N,56.0,19.0,41.93861111,72.0,W,41.0,0.0,-72.68333333,-500.0,1950-01-01,1979-11-30,0.0,0.0,
35,1055101.0,10551.0,BET,Bethel Airport,"Bethel, AK",1.0,United States,US,Alaska,AK,2.0,30113.0,"Bethel, AK",1.0,60.0,N,47.0,4.0,60.78444444,161.0,W,49.0,53.0,-161.83138889,-900.0,1950-01-01,2011-06-30,0.0,0.0,
36,1055801.0,10558.0,BFF,William B. Heilig Field,"Scottsbluff, NE",65.0,United States,US,Nebraska,NE,31.0,30558.0,"Scottsbluff, NE",65.0,41.0,N,52.0,31.0,41.87527778,103.0,W,36.0,4.0,-103.60111111,-700.0,1950-01-01,2004-09-30,0.0,0.0,
37,1055901.0,10559.0,BFI,King County Airport-Boeing Field,"Seattle, WA",93.0,United States,US,Washington,WA,53.0,30559.0,"Seattle, WA",93.0,47.0,N,31.0,44.0,47.52888889,122.0,W,17.0,58.0,-122.29944444,-800.0,1950-01-01,2011-06-30,0.0,0.0,
38,1056101.0,10561.0,BFL,Meadows Field,"Bakersfield, CA",91.0,United States,US,California,CA,6.0,30561.0,"Bakersfield, CA",91.0,35.0,N,25.0,48.0,35.43,119.0,W,3.0,8.0,-119.05222222,-800.0,1950-01-01,1995-11-30,0.0,0.0,
39,1057701.0,10577.0,BGM,Greater Binghamton/Edwin A. Link Field,"Binghamton, NY",22.0,United States,US,New York,NY,36.0,30577.0,"Binghamton, NY",22.0,42.0,N,12.0,5.0,42.20138889,75.0,W,58.0,9.0,-75.96916667,-500.0,1950-01-01,2011-06-30,0.0,0.0,
40,1058101.0,10581.0,BGR,Bangor International,"Bangor, ME",12.0,United States,US,Maine,ME,23.0,30581.0,"Bangor, ME",12.0,44.0,N,48.0,28.0,44.80777778,68.0,W,49.0,40.0,-68.82777778,-500.0,1950-01-01,2011-06-30,0.0,0.0,
41,1059002.0,10590.0,IFP,Laughlin/Bullhead International,"Bullhead City, AZ",81.0,United States,US,Arizona,AZ,4.0,30590.0,"Bullhead City, AZ",81.0,35.0,N,9.0,52.0,35.16444444,114.0,W,33.0,55.0,-114.56527778,-700.0,1994-12-01,2011-06-30,0.0,0.0,
42,1059901.0,10599.0,BHM,Birmingham Airport,"Birmingham, AL",51.0,United States,US,Alabama,AL,1.0,30599.0,"Birmingham, AL",51.0,33.0,N,33.0,47.0,33.56305556,86.0,W,45.0,20.0,-86.75555556,-600.0,1950-01-01,1993-09-30,0.0,0.0,
43,1061701.0,10617.0,BIH,Eastern Sierra Regional,"Bishop, CA",91.0,United States,US,California,CA,6.0,30617.0,"Bishop, CA",91.0,37.0,N,22.0,24.0,37.37333333,118.0,W,21.0,54.0,-118.365,-800.0,1950-01-01,2011-06-30,0.0,0.0,
44,1062001.0,10620.0,BIL,Billings Logan International,"Billings, MT",84.0,United States,US,Montana,MT,30.0,30620.0,"Billings, MT",84.0,45.0,N,48.0,25.0,45.80694444,108.0,W,32.0,34.0,-108.54277778,-700.0,1950-01-01,2011-06-30,0.0,0.0,
45,1062701.0,10627.0,BIS,Bismarck Municipal,"Bismarck/Mandan, ND",66.0,United States,US,North Dakota,ND,38.0,30627.0,"Bismarck/Mandan, ND",66.0,46.0,N,46.0,44.0,46.77888889,100.0,W,45.0,9.0,-100.7525,-600.0,1950-01-01,2011-06-30,0.0,0.0,
46,1063101.0,10631.0,BJI,Bemidji Municipal,"Bemidji, MN",63.0,United States,US,Minnesota,MN,27.0,30631.0,"Bemidji, MN",63.0,47.0,N,30.0,35.0,47.50972222,94.0,W,56.0,5.0,-94.93472222,-600.0,1950-01-01,1981-11-30,0.0,0.0,
47,1066601.0,10666.0,BLI,Bellingham International,"Bellingham, WA",93.0,United States,US,Washington,WA,53.0,30666.0,"Bellingham, WA",93.0,48.0,N,47.0,40.0,48.79444444,122.0,W,32.0,5.0,-122.53472222,-800.0,1950-01-01,2011-06-30,0.0,0.0,
48,1067601.0,10676.0,BLV,Scott AFB,"Belleville, IL",41.0,United States,US,Illinois,IL,17.0,30676.0,"Belleville, IL",41.0,38.0,N,32.0,34.0,38.54277778,89.0,W,51.0,4.0,-89.85111111,-600.0,1950-01-01,2011-06-30,0.0,0.0,
49,1068501.0,10685.0,BMI,Central Illinois Regional,"Bloomington/Normal, IL",41.0,United States,US,Illinois,IL,17.0,30685.0,"Bloomington/Normal, IL",41.0,40.0,N,28.0,55.0,40.48194444,88.0,W,55.0,39.0,-88.9275,-600.0,1950-01-01,2011-06-30,0.0,0.0,
50,1069301.0,10693.0,BNA,Nashville International,"Nashville, TN",54.0,United States,US,Tennessee,TN,47.0,30693.0,"Nashville, TN",54.0,36.0,N,7.0,36.0,36.12666667,86.0,W,40.0,55.0,-86.68194444,-600.0,1950-01-01,2011-06-30,0.0,0.0,
51,1071301.0,10713.0,BOI,Boise Air Terminal,"Boise, ID",83.0,United States,US,Idaho,ID,16.0,30713.0,"Boise, ID",83.0,43.0,N,33.0,55.0,43.56527778,116.0,W,13.0,30.0,-116.225,-700.0,1950-01-01,2011-06-30,0.0,0.0,
52,1072101.0,10721.0,BOS,Logan International,"Boston, MA",13.0,United States,US,Massachusetts,MA,25.0,30721.0,"Boston, MA (Metropolitan Area)",13.0,42.0,N,21.0,49.0,42.36361111,71.0,W,0.0,22.0,-71.00611111,-500.0,1950-01-01,2011-06-30,0.0,0.0,
53,1072801.0,10728.0,BPT,Jefferson County,"Beaumont/Port Arthur, TX",74.0,United States,US,Texas,TX,48.0,30728.0,"Beaumont/Port Arthur, TX",74.0,29.0,N,57.0,3.0,29.95083333,94.0,W,1.0,12.0,-94.02,-600.0,1950-01-01,1999-06-30,0.0,0.0,
54,1073101.0,10731.0,BQK,Glynco Jetport,"Brunswick, GA",34.0,United States,US,Georgia,GA,13.0,30731.0,"Brunswick, GA",34.0,31.0,N,15.0,32.0,31.25888889,81.0,W,27.0,59.0,-81.46638889,-500.0,1974-07-01,2002-12-31,0.0,0.0,
55,1073201.0,10732.0,BQN,Ramey AFB,"Aguadilla, Puerto Rico",268.0,Puerto Rico,PR,,,,30732.0,"Aguadilla, Puerto Rico",268.0,18.0,N,29.0,45.0,18.49583333,67.0,W,7.0,48.0,-67.13,-400.0,1950-01-01,1989-12-31,0.0,0.0,
56,1073901.0,10739.0,BRD,Brainerd/Crow Wing County,"Brainerd, MN",63.0,United States,US,Minnesota,MN,27.0,30739.0,"Brainerd, MN",63.0,46.0,N,23.0,50.0,46.39722222,94.0,W,8.0,15.0,-94.1375,-600.0,1950-01-01,2002-07-31,0.0,0.0,
57,1074701.0,10747.0,BRO,Brownsville South Padre Island International,"Brownsville, TX",74.0,United States,US,Texas,TX,48.0,30747.0,"Brownsville, TX",74.0,25.0,N,54.0,23.0,25.90638889,97.0,W,25.0,32.0,-97.42555556,-600.0,1950-01-01,2011-06-30,0.0,0.0,
58,1075401.0,10754.0,BRW,Wiley Post/Will Rogers Memorial,"Barrow, AK",1.0,United States,US,Alaska,AK,2.0,30107.0,"Barrow, AK",1.0,71.0,N,17.0,8.0,71.28555556,156.0,W,45.0,58.0,-156.76611111,-900.0,1950-01-01,2011-06-30,0.0,0.0,
59,1077901.0,10779.0,BTM,Bert Mooney,"Butte, MT",84.0,United States,US,Montana,MT,30.0,30779.0,"Butte, MT",84.0,45.0,N,57.0,4.0,45.95111111,112.0,W,29.0,38.0,-112.49388889,-700.0,1950-01-01,2011-06-30,0.0,0.0,
60,1078101.0,10781.0,BTR,Baton Rouge Metropolitan/Ryan Field,"Baton Rouge, LA",72.0,United States,US,Louisiana,LA,22.0,30781.0,"Baton Rouge, LA",72.0,30.0,N,31.0,54.0,30.53166667,91.0,W,9.0,2.0,-91.15055556,-600.0,1950-01-01,2011-06-30,0.0,0.0,
61,1078501.0,10785.0,BTV,Burlington International,"Burlington, VT",16.0,United States,US,Vermont,VT,50.0,30785.0,"Burlington, VT",16.0,44.0,N,28.0,22.0,44.47277778,73.0,W,9.0,11.0,-73.15305556,-500.0,1950-01-01,2011-06-30,0.0,0.0,
62,1079201.0,10792.0,BUF,Greater Buffalo International,"Buffalo, NY",22.0,United States,US,New York,NY,36.0,30792.0,"Buffalo, NY",22.0,42.0,N,56.0,28.0,42.94111111,78.0,W,44.0,11.0,-78.73638889,-500.0,1950-01-01,1983-08-31,0.0,0.0,
63,1080001.0,10800.0,BUR,Hollywood-Burbank Midpoint,"Burbank, CA",91.0,United States,US,California,CA,6.0,32575.0,"Los Angeles, CA (Metropolitan Area)",91.0,34.0,N,12.0,0.0,34.2,118.0,W,21.0,28.0,-118.35777778,-800.0,1950-01-01,2002-11-30,0.0,0.0,
64,1082102.0,10821.0,BWI,Baltimore/Washington International,"Baltimore, MD",35.0,United States,US,Maryland,MD,24.0,30852.0,"Washington, DC (Metropolitan Area)",32.0,39.0,N,10.0,30.0,39.175,76.0,W,40.0,12.0,-76.67,-500.0,1981-04-01,2005-09-30,0.0,0.0,
65,1084901.0,10849.0,BZN,Gallatin Field,"Bozeman, MT",84.0,United States,US,Montana,MT,30.0,30849.0,"Bozeman, MT",84.0,45.0,N,46.0,49.0,45.78027778,111.0,W,9.0,34.0,-111.15944444,-700.0,1950-01-01,2011-06-30,0.0,0.0,
66,1086801.0,10868.0,CAE,Columbia Metropolitan,"Columbia, SC",37.0,United States,US,South Carolina,SC,45.0,30868.0,"Columbia, SC",37.0,33.0,N,56.0,11.0,33.93638889,81.0,W,6.0,57.0,-81.11583333,-500.0,1950-01-01,1992-08-31,0.0,0.0,
67,1087401.0,10874.0,CAK,Akron-Canton Regional,"Akron, OH",44.0,United States,US,Ohio,OH,39.0,30647.0,"Cleveland, OH (Metropolitan Area)",44.0,40.0,N,54.0,50.0,40.91388889,81.0,W,26.0,30.0,-81.44166667,-500.0,1950-01-01,2011-06-30,0.0,0.0,
68,1091801.0,10918.0,CDC,Cedar City Regional,"Cedar City, UT",87.0,United States,US,Utah,UT,49.0,30918.0,"Cedar City, UT",87.0,37.0,N,42.0,9.0,37.7025,113.0,W,5.0,46.0,-113.09611111,-700.0,1950-01-01,2011-06-30,0.0,0.0,
69,1092601.0,10926.0,CDV,Cordova Mile 13,"Cordova, AK",1.0,United States,US,Alaska,AK,2.0,30913.0,"Cordova, AK",1.0,60.0,N,29.0,35.0,60.49305556,145.0,W,28.0,12.0,-145.47,-900.0,1950-01-01,1974-08-31,0.0,0.0,
70,1096701.0,10967.0,CGI,Cape Girardeau Regional,"Cape Girardeau, MO",64.0,United States,US,Missouri,MO,29.0,30967.0,"Cape Girardeau, MO",64.0,37.0,N,13.0,25.0,37.22361111,89.0,W,34.0,18.0,-89.57166667,-600.0,1950-01-01,2011-06-30,0.0,0.0,
71,1098001.0,10980.0,CHA,Lovell Field,"Chattanooga, TN",54.0,United States,US,Tennessee,TN,47.0,30980.0,"Chattanooga, TN",54.0,35.0,N,2.0,11.0,35.03638889,85.0,W,12.0,13.0,-85.20361111,-500.0,1950-01-01,2011-06-30,0.0,0.0,
72,1099001.0,10990.0,CHO,Charlottesville Albemarle,"Charlottesville, VA",38.0,United States,US,Virginia,VA,51.0,30990.0,"Charlottesville, VA",38.0,38.0,N,8.0,29.0,38.14138889,78.0,W,27.0,11.0,-78.45305556,-500.0,1950-01-01,2011-06-30,0.0,0.0,
73,1099401.0,10994.0,CHS,Charleston International,"Charleston, SC",37.0,United States,US,South Carolina,SC,45.0,30994.0,"Charleston, SC",37.0,32.0,N,53.0,57.0,32.89916667,80.0,W,2.0,20.0,-80.03888889,-500.0,1950-01-01,2011-06-30,0.0,0.0,
74,1100301.0,11003.0,CID,Cedar Rapids Municipal,"Cedar Rapids/Iowa City, IA",61.0,United States,US,Iowa,IA,19.0,31003.0,"Cedar Rapids/Iowa City, IA",61.0,41.0,N,53.0,4.0,41.88444444,91.0,W,42.0,22.0,-91.70611111,-600.0,1950-01-01,1997-12-31,0.0,0.0,
75,1101302.0,11013.0,CIU,Chippewa County International,"Sault Ste. Marie, MI",43.0,United States,US,Michigan,MI,26.0,31013.0,"Sault Ste. Marie, MI",43.0,46.0,N,14.0,31.0,46.24194444,84.0,W,27.0,58.0,-84.46611111,-500.0,1977-10-01,2011-06-30,0.0,0.0,
76,1102701.0,11027.0,CKB,Benedum,"Clarksburg/Fairmont, WV",39.0,United States,US,West Virginia,WV,54.0,31027.0,"Clarksburg/Fairmont, WV",39.0,39.0,N,17.0,44.0,39.29555556,80.0,W,13.0,46.0,-80.22944444,-500.0,1950-01-01,2011-06-30,0.0,0.0,
77,1104201.0,11042.0,CLE,Cleveland-Hopkins International,"Cleveland, OH",44.0,United States,US,Ohio,OH,39.0,30647.0,"Cleveland, OH (Metropolitan Area)",44.0,41.0,N,24.0,39.0,41.41083333,81.0,W,50.0,58.0,-81.84944444,-500.0,1950-01-01,2011-06-30,0.0,0.0,
78,1104901.0,11049.0,CLL,Easterwood Field,"College Station/Bryan, TX",74.0,United States,US,Texas,TX,48.0,31049.0,"College Station/Bryan, TX",74.0,30.0,N,35.0,22.0,30.58944444,96.0,W,21.0,52.0,-96.36444444,-600.0,1950-01-01,2011-06-30,0.0,0.0,
79,1105701.0,11057.0,CLT,Douglas Municipal,"Charlotte, NC",36.0,United States,US,North Carolina,NC,37.0,31057.0,"Charlotte, NC",36.0,35.0,N,13.0,9.0,35.21916667,80.0,W,56.0,9.0,-80.93583333,-500.0,1950-01-01,1981-12-31,0.0,0.0,
80,1106601.0,11066.0,CMH,Port Columbus International,"Columbus, OH",44.0,United States,US,Ohio,OH,39.0,31066.0,"Columbus, OH",44.0,39.0,N,59.0,28.0,39.99111111,82.0,W,52.0,42.0,-82.87833333,-500.0,1950-01-01,2011-06-30,0.0,0.0,
81,1106701.0,11067.0,CMI,University of Illinois/Willard,"Champaign/Urbana, IL",41.0,United States,US,Illinois,IL,17.0,31067.0,"Champaign/Urbana, IL",41.0,40.0,N,2.0,23.0,40.03972222,88.0,W,16.0,47.0,-88.27972222,-600.0,1950-01-01,2011-06-30,0.0,0.0,
82,1107601.0,11076.0,CMX,Houghton County Memorial,"Hancock/Houghton, MI",43.0,United States,US,Michigan,MI,26.0,31076.0,"Hancock/Houghton, MI",43.0,47.0,N,10.0,4.0,47.16777778,88.0,W,29.0,11.0,-88.48638889,-500.0,1950-01-01,2011-06-30,0.0,0.0,
83,1109001.0,11090.0,CNW,TSTC Waco,"Waco, TX",74.0,United States,US,Texas,TX,48.0,30155.0,"Waco, TX",74.0,31.0,N,38.0,12.0,31.63666667,97.0,W,4.0,20.0,-97.07222222,-600.0,1950-01-01,2011-06-30,0.0,0.0,
84,1109201.0,11092.0,CNY,Canyonlands Field,"Moab, UT",87.0,United States,US,Utah,UT,49.0,31092.0,"Moab, UT",87.0,38.0,N,45.0,34.0,38.75944444,109.0,W,44.0,46.0,-109.74611111,-700.0,1950-01-01,2011-06-30,0.0,0.0,
85,1109701.0,11097.0,COD,Yellowstone Regional,"Cody, WY",88.0,United States,US,Wyoming,WY,56.0,31097.0,"Cody, WY",88.0,44.0,N,30.0,57.0,44.51583333,109.0,W,1.0,39.0,-109.0275,-700.0,1950-01-01,2011-06-30,0.0,0.0,
86,1110901.0,11109.0,COS,Peterson Field,"Colorado Springs, CO",82.0,United States,US,Colorado,CO,8.0,30189.0,"Colorado Springs, CO",82.0,38.0,N,48.0,32.0,38.80888889,104.0,W,42.0,33.0,-104.70916667,-700.0,1950-01-01,2011-06-30,0.0,0.0,
87,1111101.0,11111.0,COU,Columbia Regional,"Columbia, MO",64.0,United States,US,Missouri,MO,29.0,32474.0,"Jefferson City/Columbia, MO",64.0,38.0,N,48.0,49.0,38.81361111,92.0,W,13.0,9.0,-92.21916667,-600.0,1950-01-01,2011-06-30,0.0,0.0,
88,1112201.0,11122.0,CPR,Casper/Natrona County International,"Casper, WY",88.0,United States,US,Wyoming,WY,56.0,31122.0,"Casper, WY",88.0,42.0,N,54.0,31.0,42.90861111,106.0,W,27.0,45.0,-106.4625,-700.0,1950-01-01,2011-06-30,0.0,0.0,
89,1114001.0,11140.0,CRP,Corpus Christi International,"Corpus Christi, TX",74.0,United States,US,Texas,TX,48.0,31140.0,"Corpus Christi, TX",74.0,27.0,N,46.0,12.0,27.77,97.0,W,30.0,3.0,-97.50083333,-600.0,1950-01-01,2011-06-30,0.0,0.0,
90,1114601.0,11146.0,CRW,Kanawha,"Charleston/Dunbar, WV",39.0,United States,US,West Virginia,WV,54.0,31146.0,"Charleston/Dunbar, WV",39.0,38.0,N,22.0,22.0,38.37277778,81.0,W,35.0,35.0,-81.59305556,-500.0,1950-01-01,1985-09-30,0.0,0.0,
91,1115001.0,11150.0,CSG,Columbus Metropolitan,"Columbus, GA",34.0,United States,US,Georgia,GA,13.0,31150.0,"Columbus, GA",34.0,32.0,N,30.0,58.0,32.51611111,84.0,W,56.0,20.0,-84.93888889,-500.0,1950-01-01,2011-06-30,0.0,0.0,
92,1119301.0,11193.0,CVG,Cincinnati/Northern Kentucky International,"Cincinnati, OH",52.0,United States,US,Kentucky,KY,21.0,33105.0,"Cincinnati, OH",44.0,39.0,N,2.0,52.0,39.04777778,84.0,W,40.0,7.0,-84.66861111,-500.0,1950-01-01,2011-06-30,0.0,0.0,
93,1120301.0,11203.0,CWA,Central Wisconsin,"Mosinee, WI",45.0,United States,US,Wisconsin,WI,55.0,30424.0,"Wausau/Mosinee/Stevens Point, WI",45.0,44.0,N,46.0,56.0,44.78222222,89.0,W,39.0,33.0,-89.65916667,-600.0,1950-01-01,2011-06-30,0.0,0.0,
94,1123301.0,11233.0,CYS,Cheyenne Regional/Jerry Olson Field,"Cheyenne, WY",88.0,United States,US,Wyoming,WY,56.0,31233.0,"Cheyenne, WY",88.0,41.0,N,9.0,21.0,41.15583333,104.0,W,48.0,44.0,-104.81222222,-700.0,1950-01-01,2011-06-30,0.0,0.0,
95,1125201.0,11252.0,DAB,Daytona Beach Regional,"Daytona Beach, FL",33.0,United States,US,Florida,FL,12.0,31252.0,"Daytona Beach, FL",33.0,29.0,N,10.0,57.0,29.1825,81.0,W,3.0,10.0,-81.05277778,-500.0,1950-01-01,1992-06-30,0.0,0.0,
96,1125901.0,11259.0,DAL,Dallas Love Field,"Dallas, TX",74.0,United States,US,Texas,TX,48.0,30194.0,"Dallas/Fort Worth, TX",74.0,32.0,N,50.0,49.0,32.84694444,96.0,W,51.0,12.0,-96.85333333,-600.0,1950-01-01,1989-12-31,0.0,0.0,
97,1126701.0,11267.0,DAY,James M Cox/Dayton International,"Dayton, OH",44.0,United States,US,Ohio,OH,39.0,31267.0,"Dayton, OH",44.0,39.0,N,54.0,4.0,39.90111111,84.0,W,13.0,12.0,-84.22,-500.0,1950-01-01,2011-06-30,0.0,0.0,
98,1127401.0,11274.0,DBQ,Dubuque Regional,"Dubuque, IA",61.0,United States,US,Iowa,IA,19.0,31274.0,"Dubuque, IA",61.0,42.0,N,24.0,36.0,42.41,90.0,W,42.0,39.0,-90.71083333,-600.0,1950-01-01,2011-06-30,0.0,0.0,
99,1127801.0,11278.0,DCA,Ronald Reagan Washington National,"Washington, DC",38.0,United States,US,Virginia,VA,51.0,30852.0,"Washington, DC (Metropolitan Area)",32.0,38.0,N,51.0,6.0,38.85166667,77.0,W,2.0,13.0,-77.03694444,-500.0,1950-01-01,2011-06-30,0.0,0.0,
100,1128301.0,11283.0,DDC,Dodge City Regional,"Dodge City, KS",62.0,United States,US,Kansas,KS,20.0,31283.0,"Dodge City, KS",62.0,37.0,N,45.0,42.0,37.76166667,99.0,W,57.0,54.0,-99.965,-600.0,1950-01-01,2011-06-30,0.0,0.0,
101,1128801.0,11288.0,DEC,Decatur Airport,"Decatur, IL",41.0,United States,US,Illinois,IL,17.0,31288.0,"Decatur, IL",41.0,39.0,N,50.0,3.0,39.83416667,88.0,W,52.0,7.0,-88.86861111,-600.0,1950-01-01,2011-06-30,0.0,0.0,
102,1129201.0,11292.0,DEN,Stapleton International,"Denver, CO",82.0,United States,US,Colorado,CO,8.0,30325.0,"Denver, CO",82.0,39.0,N,46.0,28.0,39.77444444,104.0,W,52.0,47.0,-104.87972222,-700.0,1950-01-01,1993-08-31,0.0,0.0,
103,1129801.0,11298.0,DFW,Dallas Fort Worth Regional,"Dallas/Fort Worth, TX",74.0,United States,US,Texas,TX,48.0,30194.0,"Dallas/Fort Worth, TX",74.0,32.0,N,53.0,40.0,32.89444444,97.0,W,1.0,47.0,-97.02972222,-600.0,1950-01-01,1989-12-31,0.0,0.0,
104,1130801.0,11308.0,DHN,Dothan Regional,"Dothan, AL",51.0,United States,US,Alabama,AL,1.0,31308.0,"Dothan, AL",51.0,31.0,N,19.0,12.0,31.32,85.0,W,26.0,54.0,-85.44833333,-600.0,1950-01-01,2011-06-30,0.0,0.0,
105,1131501.0,11315.0,DIK,Dickinson Municipal,"Dickinson, ND",66.0,United States,US,North Dakota,ND,38.0,31315.0,"Dickinson, ND",66.0,46.0,N,47.0,48.0,46.79666667,102.0,W,47.0,47.0,-102.79638889,-700.0,1950-01-01,2011-06-30,0.0,0.0,
106,1133601.0,11336.0,DLG,Dillingham Airport,"Dillingham, AK",1.0,United States,US,Alaska,AK,2.0,31336.0,"Dillingham, AK",1.0,59.0,N,2.0,30.0,59.04166667,158.0,W,30.0,24.0,-158.50666667,-900.0,1950-01-01,2011-06-30,0.0,0.0,
107,1133701.0,11337.0,DLH,Duluth International,"Duluth, MN",63.0,United States,US,Minnesota,MN,27.0,31337.0,"Duluth, MN",63.0,46.0,N,50.0,33.0,46.8425,92.0,W,11.0,25.0,-92.19027778,-600.0,1950-01-01,1995-11-30,0.0,0.0,
108,1137501.0,11375.0,DOV,Dover AFB,"Dover, DE",31.0,United States,US,Delaware,DE,10.0,31375.0,"Dover, DE",31.0,39.0,N,7.0,37.0,39.12694444,75.0,W,27.0,52.0,-75.46444444,-500.0,1950-01-01,2011-06-30,0.0,0.0,
109,1141301.0,11413.0,DRO,La Plata County,"Durango, CO",82.0,United States,US,Colorado,CO,8.0,30285.0,"Durango, CO",82.0,37.0,N,9.0,0.0,37.15,107.0,W,45.0,4.0,-107.75111111,-700.0,1978-03-01,2002-11-30,0.0,0.0,
110,1141501.0,11415.0,DRT,Del Rio International,"Del Rio, TX",74.0,United States,US,Texas,TX,48.0,31335.0,"Del Rio, TX",74.0,29.0,N,22.0,27.0,29.37416667,100.0,W,55.0,38.0,-100.92722222,-600.0,1950-01-01,,0.0,1.0,
111,1142301.0,11423.0,DSM,Des Moines Municipal,"Des Moines, IA",61.0,United States,US,Iowa,IA,19.0,31423.0,"Des Moines, IA",61.0,41.0,N,32.0,2.0,41.53388889,93.0,W,39.0,24.0,-93.65666667,-600.0,1950-01-01,1986-06-30,0.0,0.0,
112,1143301.0,11433.0,DTW,Detroit Metro Wayne County,"Detroit, MI",43.0,United States,US,Michigan,MI,26.0,31295.0,"Detroit, MI",43.0,42.0,N,13.0,0.0,42.21666667,83.0,W,20.0,40.0,-83.34444444,-500.0,1950-01-01,2011-06-30,0.0,0.0,
113,1144701.0,11447.0,DVL,Devils Lake Regional,"Devils Lake, ND",66.0,United States,US,North Dakota,ND,38.0,31447.0,"Devils Lake, ND",66.0,48.0,N,6.0,47.0,48.11305556,98.0,W,54.0,27.0,-98.9075,-600.0,1950-01-01,2011-06-30,0.0,0.0,
114,1146801.0,11468.0,EAR,Kearney Regional,"Kearney, NE",65.0,United States,US,Nebraska,NE,31.0,31468.0,"Kearney, NE",65.0,40.0,N,43.0,42.0,40.72833333,98.0,W,59.0,56.0,-98.99888889,-600.0,1950-01-01,2011-06-30,0.0,0.0,
115,1147001.0,11470.0,EAT,Pangborn Memorial,"Wenatchee, WA",93.0,United States,US,Washington,WA,53.0,31470.0,"Wenatchee, WA",93.0,47.0,N,23.0,59.0,47.39972222,120.0,W,12.0,28.0,-120.20777778,-800.0,1950-01-01,2011-06-30,0.0,0.0,
116,1147101.0,11471.0,EAU,Eau Claire Municipal,"Eau Claire, WI",45.0,United States,US,Wisconsin,WI,55.0,31471.0,"Eau Claire, WI",45.0,44.0,N,51.0,52.0,44.86444444,91.0,W,29.0,14.0,-91.48722222,-600.0,1950-01-01,1992-06-30,0.0,0.0,
117,1148101.0,11481.0,ECP,Northwest Florida Beaches International,"Panama City, FL",33.0,United States,US,Florida,FL,12.0,31481.0,"Panama City, FL",33.0,30.0,N,21.0,28.0,30.35777778,85.0,W,47.0,56.0,-85.79888889,-600.0,2010-05-01,2011-06-30,0.0,0.0,
118,1150301.0,11503.0,EGE,Eagle County Regional,"Eagle, CO",82.0,United States,US,Colorado,CO,8.0,31503.0,"Eagle, CO",82.0,39.0,N,38.0,37.0,39.64361111,106.0,W,54.0,50.0,-106.91388889,-700.0,1950-01-01,2011-06-30,0.0,0.0,
119,1152501.0,11525.0,EKO,Elko Regional,"Elko, NV",85.0,United States,US,Nevada,NV,32.0,31525.0,"Elko, NV",85.0,40.0,N,49.0,26.0,40.82388889,115.0,W,47.0,23.0,-115.78972222,-800.0,1950-01-01,2011-06-30,0.0,0.0,
120,1153701.0,11537.0,ELM,Elmira/Corning Regional,"Elmira/Corning, NY",22.0,United States,US,New York,NY,36.0,31537.0,"Elmira/Corning, NY",22.0,42.0,N,9.0,39.0,42.16083333,76.0,W,53.0,43.0,-76.89527778,-500.0,1950-01-01,2011-06-30,0.0,0.0,
121,1154001.0,11540.0,ELP,El Paso International,"El Paso, TX",74.0,United States,US,Texas,TX,48.0,30615.0,"El Paso, TX",74.0,31.0,N,48.0,24.0,31.80666667,106.0,W,22.0,38.0,-106.37722222,-700.0,1950-01-01,2011-06-30,0.0,0.0,
122,1155501.0,11555.0,ENA,Kenai Municipal,"Kenai, AK",1.0,United States,US,Alaska,AK,2.0,31555.0,"Kenai, AK",1.0,60.0,N,34.0,3.0,60.5675,151.0,W,15.0,4.0,-151.25111111,-900.0,1950-01-01,2011-06-30,0.0,0.0,
123,1156301.0,11563.0,ENV,Wendover Airport,"Wendover, UT",87.0,United States,US,Utah,UT,49.0,31563.0,"Wendover, UT",87.0,40.0,N,43.0,7.0,40.71861111,114.0,W,2.0,2.0,-114.03388889,-700.0,1950-01-01,2011-06-30,0.0,0.0,
124,1157701.0,11577.0,ERI,Erie International,"Erie, PA",23.0,United States,US,Pennsylvania,PA,42.0,31577.0,"Erie, PA",23.0,42.0,N,4.0,48.0,42.08,80.0,W,10.0,43.0,-80.17861111,-500.0,1950-01-01,2000-06-30,0.0,0.0,
125,1158701.0,11587.0,ESC,Delta County,"Escanaba, MI",43.0,United States,US,Michigan,MI,26.0,31587.0,"Escanaba, MI",43.0,45.0,N,43.0,14.0,45.72055556,87.0,W,5.0,12.0,-87.08666667,-500.0,1950-01-01,2011-06-30,0.0,0.0,
126,1160301.0,11603.0,EUG,Mahlon Sweet Field,"Eugene, OR",92.0,United States,US,Oregon,OR,41.0,31603.0,"Eugene, OR",92.0,44.0,N,7.0,15.0,44.12083333,123.0,W,13.0,3.0,-123.2175,-800.0,1950-01-01,2011-06-30,0.0,0.0,
127,1161201.0,11612.0,EVV,Evansville Dress Regional,"Evansville, IN",42.0,United States,US,Indiana,IN,18.0,31612.0,"Evansville, IN",42.0,38.0,N,2.0,12.0,38.03666667,87.0,W,31.0,57.0,-87.5325,-600.0,1950-01-01,1987-03-31,0.0,0.0,
128,1161701.0,11617.0,EWN,Craven County Regional,"New Bern/Morehead/Beaufort, NC",36.0,United States,US,North Carolina,NC,37.0,31617.0,"New Bern/Morehead/Beaufort, NC",36.0,35.0,N,4.0,25.0,35.07361111,77.0,W,2.0,33.0,-77.0425,-500.0,1950-01-01,2008-06-30,0.0,0.0,
129,1161801.0,11618.0,EWR,Newark Liberty International,"Newark, NJ",21.0,United States,US,New Jersey,NJ,34.0,31703.0,"New York City, NY (Metropolitan Area)",22.0,40.0,N,41.0,45.0,40.69583333,74.0,W,10.0,18.0,-74.17166667,-500.0,1950-01-01,2011-06-30,0.0,0.0,
130,1162401.0,11624.0,EYW,Key West International,"Key West, FL",33.0,United States,US,Florida,FL,12.0,31624.0,"Key West, FL",33.0,24.0,N,33.0,20.0,24.55555556,81.0,W,45.0,35.0,-81.75972222,-500.0,1950-01-01,2011-06-30,0.0,0.0,
131,1163001.0,11630.0,FAI,Fairbanks International,"Fairbanks, AK",1.0,United States,US,Alaska,AK,2.0,31517.0,"Fairbanks, AK",1.0,64.0,N,48.0,52.0,64.81444444,147.0,W,51.0,46.0,-147.86277778,-900.0,1950-01-01,2011-06-30,0.0,0.0,
132,1163701.0,11637.0,FAR,Hector Field,"Fargo, ND",66.0,United States,US,North Dakota,ND,38.0,31637.0,"Fargo, ND",66.0,46.0,N,54.0,56.0,46.91555556,96.0,W,48.0,53.0,-96.81472222,-600.0,1950-01-01,1982-06-30,0.0,0.0,
133,1163801.0,11638.0,FAT,Fresno Air Terminal,"Fresno, CA",91.0,United States,US,California,CA,6.0,31638.0,"Fresno, CA",91.0,36.0,N,46.0,36.0,36.77666667,119.0,W,43.0,2.0,-119.71722222,-800.0,1950-01-01,1996-09-30,0.0,0.0,
134,1164101.0,11641.0,FAY,Fayetteville Regional/Grannis Field,"Fayetteville, NC",36.0,United States,US,North Carolina,NC,37.0,31641.0,"Fayetteville, NC",36.0,34.0,N,59.0,29.0,34.99138889,78.0,W,52.0,49.0,-78.88027778,-500.0,1950-01-01,2011-06-30,0.0,0.0,
135,1164801.0,11648.0,FCA,Glacier Park International,"Kalispell, MT",84.0,United States,US,Montana,MT,30.0,31648.0,"Kalispell, MT",84.0,48.0,N,18.0,46.0,48.31277778,114.0,W,15.0,4.0,-114.25111111,-700.0,1950-01-01,2011-06-30,0.0,0.0,
136,1169501.0,11695.0,FLG,Flagstaff Pulliam,"Flagstaff, AZ",81.0,United States,US,Arizona,AZ,4.0,31695.0,"Flagstaff, AZ",81.0,35.0,N,8.0,16.0,35.13777778,111.0,W,40.0,18.0,-111.67166667,-700.0,1950-01-01,2011-06-30,0.0,0.0,
137,1169701.0,11697.0,FLL,Fort Lauderdale-Hollywood International,"Fort Lauderdale, FL",33.0,United States,US,Florida,FL,12.0,32467.0,"Miami, FL (Metropolitan Area)",33.0,26.0,N,4.0,27.0,26.07416667,80.0,W,9.0,6.0,-80.15166667,-500.0,1950-01-01,1990-12-31,0.0,0.0,
138,1169901.0,11699.0,FLO,Florence Regional,"Florence, SC",37.0,United States,US,South Carolina,SC,45.0,31699.0,"Florence, SC",37.0,34.0,N,11.0,20.0,34.18888889,79.0,W,43.0,28.0,-79.72444444,-500.0,1950-01-01,2011-06-30,0.0,0.0,
139,1171101.0,11711.0,FMN,Four Corners Regional,"Farmington, NM",86.0,United States,US,New Mexico,NM,35.0,31711.0,"Farmington, NM",86.0,36.0,N,44.0,28.0,36.74111111,108.0,W,13.0,45.0,-108.22916667,-700.0,1950-01-01,2011-06-30,0.0,0.0,
140,1171901.0,11719.0,FNL,Fort Collins-Loveland Municipal,"Fort Collins/Loveland, CO",82.0,United States,US,Colorado,CO,8.0,31719.0,"Fort Collins/Loveland, CO",82.0,40.0,N,26.0,56.0,40.44888889,105.0,W,0.0,37.0,-105.01027778,-700.0,1985-03-01,2011-06-30,0.0,0.0,
141,1172101.0,11721.0,FNT,Bishop International,"Flint, MI",43.0,United States,US,Michigan,MI,26.0,31721.0,"Flint, MI",43.0,42.0,N,58.0,0.0,42.96666667,83.0,W,44.0,30.0,-83.74166667,-500.0,1950-01-01,2011-06-30,0.0,0.0,
142,1172501.0,11725.0,FOD,Fort Dodge Regional,"Fort Dodge, IA",61.0,United States,US,Iowa,IA,19.0,31725.0,"Fort Dodge, IA",61.0,42.0,N,33.0,9.0,42.5525,94.0,W,11.0,23.0,-94.18972222,-600.0,1950-01-01,2011-06-30,0.0,0.0,
143,1172601.0,11726.0,FOE,Forbes AFB,"Topeka, KS",62.0,United States,US,Kansas,KS,20.0,31726.0,"Topeka, KS",62.0,38.0,N,57.0,9.0,38.9525,95.0,W,39.0,45.0,-95.6625,-600.0,1974-06-01,2011-06-30,0.0,0.0,
144,1173101.0,11731.0,FPO,Bah Freeport International,"Freeport, The Bahamas",204.0,The Bahamas,BS,,,,31731.0,"Freeport, The Bahamas",204.0,26.0,N,33.0,19.0,26.55527778,78.0,W,42.0,0.0,-78.7,-500.0,1973-07-01,1980-02-29,0.0,0.0,
145,1177501.0,11775.0,FSD,Joe Foss Field,"Sioux Falls, SD",67.0,United States,US,South Dakota,SD,46.0,31775.0,"Sioux Falls, SD",67.0,43.0,N,34.0,44.0,43.57888889,96.0,W,44.0,27.0,-96.74083333,-600.0,1950-01-01,2011-06-30,0.0,0.0,
146,1177801.0,11778.0,FSM,Fort Smith Regional,"Fort Smith, AR",71.0,United States,US,Arkansas,AR,5.0,31778.0,"Fort Smith, AR",71.0,35.0,N,20.0,12.0,35.33666667,94.0,W,22.0,3.0,-94.3675,-600.0,1950-01-01,,0.0,1.0,
147,1182301.0,11823.0,FWA,Fort Wayne Municipal,"Fort Wayne, IN",42.0,United States,US,Indiana,IN,18.0,31823.0,"Fort Wayne, IN",42.0,40.0,N,58.0,42.0,40.97833333,85.0,W,11.0,17.0,-85.18805556,-500.0,1950-01-01,2001-06-30,0.0,0.0,
148,1186501.0,11865.0,GCC,Gillette Campbell County,"Gillette, WY",88.0,United States,US,Wyoming,WY,56.0,31865.0,"Gillette, WY",88.0,44.0,N,21.0,5.0,44.35138889,105.0,W,31.0,30.0,-105.525,-700.0,1950-01-01,2011-06-30,0.0,0.0,
149,1186701.0,11867.0,GCK,Garden City Municipal,"Garden City, KS",62.0,United States,US,Kansas,KS,20.0,31867.0,"Garden City, KS",62.0,37.0,N,55.0,43.0,37.92861111,100.0,W,43.0,47.0,-100.72972222,-600.0,1950-01-01,1999-04-30,0.0,0.0,
150,1188401.0,11884.0,GEG,Spokane International,"Spokane, WA",93.0,United States,US,Washington,WA,53.0,31884.0,"Spokane, WA",93.0,47.0,N,37.0,12.0,47.62,117.0,W,31.0,58.0,-117.53277778,-800.0,1950-01-01,2011-06-30,0.0,0.0,
151,1189801.0,11898.0,GFK,Grand Forks International,"Grand Forks, ND",66.0,United States,US,North Dakota,ND,38.0,31898.0,"Grand Forks, ND",66.0,47.0,N,57.0,7.0,47.95194444,97.0,W,10.0,43.0,-97.17861111,-600.0,1950-01-01,2011-06-30,0.0,0.0,
152,1190501.0,11905.0,GGG,East Texas Regional,"Longview, TX",74.0,United States,US,Texas,TX,48.0,31905.0,"Longview, TX",74.0,32.0,N,23.0,12.0,32.38666667,94.0,W,42.0,55.0,-94.71527778,-600.0,1950-01-01,2011-06-30,0.0,0.0,
153,1192101.0,11921.0,GJT,Walker Field,"Grand Junction, CO",82.0,United States,US,Colorado,CO,8.0,31921.0,"Grand Junction, CO",82.0,39.0,N,7.0,7.0,39.11861111,108.0,W,30.0,50.0,-108.51388889,-700.0,1950-01-01,2011-06-30,0.0,0.0,
154,1195301.0,11953.0,GNV,Gainesville Regional,"Gainesville, FL",33.0,United States,US,Florida,FL,12.0,31953.0,"Gainesville, FL",33.0,29.0,N,41.0,23.0,29.68972222,82.0,W,16.0,33.0,-82.27583333,-500.0,1950-01-01,2011-06-30,0.0,0.0,
155,1197301.0,11973.0,GPT,Gulfport-Biloxi International,"Gulfport/Biloxi, MS",53.0,United States,US,Mississippi,MS,28.0,31973.0,"Gulfport/Biloxi, MS",53.0,30.0,N,24.0,22.0,30.40611111,89.0,W,4.0,13.0,-89.07027778,-600.0,1950-01-01,2011-06-30,0.0,0.0,
156,1197701.0,11977.0,GRB,Austin Straubel International,"Green Bay, WI",45.0,United States,US,Wisconsin,WI,55.0,31977.0,"Green Bay, WI",45.0,44.0,N,29.0,17.0,44.48805556,88.0,W,7.0,50.0,-88.13055556,-600.0,1950-01-01,2011-06-30,0.0,0.0,
157,1198001.0,11980.0,GRI,Grand Island Air Park,"Grand Island, NE",65.0,United States,US,Nebraska,NE,31.0,31980.0,"Grand Island, NE",65.0,40.0,N,58.0,2.0,40.96722222,98.0,W,18.0,24.0,-98.30666667,-600.0,1950-01-01,2011-06-30,0.0,0.0,
158,1198201.0,11982.0,GRK,Robert Gray AAF,"Killeen, TX",74.0,United States,US,Texas,TX,48.0,31982.0,"Killeen, TX",74.0,31.0,N,3.0,53.0,31.06472222,97.0,W,49.0,39.0,-97.8275,-600.0,1950-01-01,2011-06-30,0.0,0.0,
159,1198601.0,11986.0,GRR,Kent County,"Grand Rapids, MI",43.0,United States,US,Michigan,MI,26.0,31986.0,"Grand Rapids, MI",43.0,42.0,N,52.0,52.0,42.88111111,85.0,W,31.0,27.0,-85.52416667,-500.0,1950-01-01,2002-12-31,0.0,0.0,
160,1199501.0,11995.0,GSO,Piedmont Triad International,"Greensboro/High Point, NC",36.0,United States,US,North Carolina,NC,37.0,31995.0,"Greensboro/High Point, NC",36.0,36.0,N,5.0,31.0,36.09194444,79.0,W,56.0,34.0,-79.94277778,-500.0,1950-01-01,2011-06-30,0.0,0.0,
161,1199601.0,11996.0,GSP,Greenville-Spartanburg,"Greer, SC",37.0,United States,US,South Carolina,SC,45.0,31871.0,"Greenville/Spartanburg, SC",37.0,34.0,N,53.0,56.0,34.89888889,82.0,W,12.0,50.0,-82.21388889,-500.0,1950-01-01,1995-09-30,0.0,0.0,
162,1199701.0,11997.0,GST,Gustavus Airport,"Gustavus, AK",1.0,United States,US,Alaska,AK,2.0,31997.0,"Gustavus, AK",1.0,58.0,N,25.0,39.0,58.4275,135.0,W,42.0,18.0,-135.705,-900.0,1950-01-01,2011-06-30,0.0,0.0,
163,1200301.0,12003.0,GTF,Great Falls International,"Great Falls, MT",84.0,United States,US,Montana,MT,30.0,31895.0,"Great Falls, MT",84.0,47.0,N,29.0,8.0,47.48555556,111.0,W,22.0,1.0,-111.36694444,-700.0,1950-01-01,2011-06-30,0.0,0.0,
164,1200701.0,12007.0,GTR,Golden Triangle Regional,"Columbus, MS",53.0,United States,US,Mississippi,MS,28.0,30894.0,"Columbus, MS",53.0,33.0,N,27.0,1.0,33.45027778,88.0,W,35.0,29.0,-88.59138889,-600.0,1950-01-01,2011-09-30,0.0,0.0,
165,1201201.0,12012.0,GUC,Gunnison-Crested Butte Regional,"Gunnison, CO",82.0,United States,US,Colorado,CO,8.0,32012.0,"Gunnison, CO",82.0,38.0,N,32.0,2.0,38.53388889,106.0,W,56.0,20.0,-106.93888889,-700.0,1950-01-01,2011-06-30,0.0,0.0,
166,1201601.0,12016.0,GUM,Agana Field,"Guam, Guam",826.0,Guam,GU,,,,32016.0,"Guam, Guam",826.0,13.0,N,29.0,2.0,13.48388889,144.0,E,47.0,50.0,144.79722222,1000.0,1975-11-01,1989-12-31,0.0,0.0,
167,1205401.0,12054.0,GYR,Phoenix Goodyear,"Goodyear, AZ",81.0,United States,US,Arizona,AZ,4.0,30466.0,"Phoenix, AZ",81.0,33.0,N,25.0,25.0,33.42361111,112.0,W,22.0,27.0,-112.37416667,-700.0,1987-12-01,2011-06-30,0.0,0.0,
168,1209401.0,12094.0,HDN,Yampa Valley,"Hayden, CO",82.0,United States,US,Colorado,CO,8.0,34699.0,"Steamboat Springs, CO",82.0,40.0,N,28.0,54.0,40.48166667,107.0,W,13.0,12.0,-107.22,-700.0,1950-01-01,2011-06-30,0.0,0.0,
169,1211901.0,12119.0,HGR,Hagerstown Regional-Richard A. Henson Field,"Hagerstown, MD",35.0,United States,US,Maryland,MD,24.0,32119.0,"Hagerstown, MD",35.0,39.0,N,42.0,28.0,39.70777778,77.0,W,43.0,48.0,-77.73,-500.0,1950-01-01,2011-06-30,0.0,0.0,
170,1212401.0,12124.0,HHH,Hilton Head Airport,"Hilton Head, SC",37.0,United States,US,South Carolina,SC,45.0,32124.0,"Hilton Head, SC",37.0,32.0,N,13.0,0.0,32.21666667,80.0,W,41.0,0.0,-80.68333333,-500.0,1950-01-01,2011-06-30,0.0,0.0,
171,1212901.0,12129.0,HIB,Chisholm/Hibbing,"Hibbing, MN",63.0,United States,US,Minnesota,MN,27.0,32129.0,"Hibbing, MN",63.0,47.0,N,23.0,19.0,47.38861111,92.0,W,50.0,19.0,-92.83861111,-600.0,1980-03-01,2009-12-31,0.0,0.0,
172,1215601.0,12156.0,HLN,Helena Regional,"Helena, MT",84.0,United States,US,Montana,MT,30.0,32156.0,"Helena, MT",84.0,46.0,N,36.0,24.0,46.60666667,111.0,W,58.0,55.0,-111.98194444,-700.0,1950-01-01,2011-06-30,0.0,0.0,
173,1217301.0,12173.0,HNL,Honolulu International,"Honolulu, HI",2.0,United States,US,Hawaii,HI,15.0,32134.0,"Honolulu, HI",2.0,21.0,N,19.0,7.0,21.31861111,157.0,W,55.0,21.0,-157.9225,-1000.0,1950-01-01,2014-03-31,0.0,0.0,
174,1217701.0,12177.0,HOB,Lea County Hobbs,"Hobbs, NM",86.0,United States,US,New Mexico,NM,35.0,32177.0,"Hobbs, NM",86.0,32.0,N,41.0,19.0,32.68861111,103.0,W,13.0,1.0,-103.21694444,-700.0,1950-01-01,2011-06-30,0.0,0.0,
175,1219101.0,12191.0,HOU,William P Hobby,"Houston, TX",74.0,United States,US,Texas,TX,48.0,31453.0,"Houston, TX",74.0,29.0,N,38.0,42.0,29.645,95.0,W,16.0,43.0,-95.27861111,-600.0,1950-01-01,2011-06-30,0.0,0.0,
176,1219701.0,12197.0,HPN,Westchester County,"White Plains, NY",22.0,United States,US,New York,NY,36.0,31703.0,"New York City, NY (Metropolitan Area)",22.0,41.0,N,4.0,8.0,41.06888889,73.0,W,42.0,28.0,-73.70777778,-500.0,1950-01-01,2011-06-30,0.0,0.0,
177,1220601.0,12206.0,HRL,Valley International,"Harlingen/San Benito, TX",74.0,United States,US,Texas,TX,48.0,32206.0,"Harlingen/San Benito, TX",74.0,26.0,N,13.0,41.0,26.22805556,97.0,W,39.0,8.0,-97.65222222,-600.0,1950-01-01,2011-06-30,0.0,0.0,
178,1221701.0,12217.0,HSV,Huntsville International-Carl T Jones Field,"Huntsville, AL",51.0,United States,US,Alabama,AL,1.0,30255.0,"Huntsville, AL",51.0,34.0,N,38.0,34.0,34.64277778,86.0,W,46.0,32.0,-86.77555556,-600.0,1950-01-01,2011-06-30,0.0,0.0,
179,1222301.0,12223.0,HTS,Tri-State/Milton J. Ferguson Field,"Ashland, WV",39.0,United States,US,West Virginia,WV,54.0,32223.0,"Ashland, WV",39.0,38.0,N,22.0,1.0,38.36694444,82.0,W,33.0,22.0,-82.55611111,-500.0,1950-01-01,2011-06-30,0.0,0.0,
180,1225001.0,12250.0,HYA,Barnstable Municipal-Boardman/Polando Field,"Hyannis, MA",13.0,United States,US,Massachusetts,MA,25.0,32250.0,"Hyannis, MA",13.0,41.0,N,39.0,57.0,41.66583333,70.0,W,16.0,50.0,-70.28055556,-500.0,1950-01-01,2011-06-30,0.0,0.0,
181,1225501.0,12255.0,HYS,Hays Municipal,"Hays, KS",62.0,United States,US,Kansas,KS,20.0,32255.0,"Hays, KS",62.0,38.0,N,50.0,46.0,38.84611111,99.0,W,16.0,27.0,-99.27416667,-600.0,1950-01-01,2011-06-30,0.0,0.0,
182,1226401.0,12264.0,IAD,Washington Dulles International,"Washington, DC",38.0,United States,US,Virginia,VA,51.0,30852.0,"Washington, DC (Metropolitan Area)",32.0,38.0,N,56.0,30.0,38.94166667,77.0,W,27.0,27.0,-77.4575,-500.0,1950-01-01,2011-06-30,0.0,0.0,
183,1226501.0,12265.0,IAG,Niagara Falls International,"Niagara Falls, NY",22.0,United States,US,New York,NY,36.0,32265.0,"Niagara Falls, NY",22.0,43.0,N,6.0,26.0,43.10722222,78.0,W,56.0,44.0,-78.94555556,-500.0,1950-01-01,2011-06-30,0.0,0.0,
184,1226601.0,12266.0,IAH,Houston Intercontinental,"Houston, TX",74.0,United States,US,Texas,TX,48.0,31453.0,"Houston, TX",74.0,29.0,N,59.0,0.0,29.98333333,95.0,W,20.0,24.0,-95.34,-600.0,1950-01-01,1997-06-30,0.0,0.0,
185,1227801.0,12278.0,ICT,Wichita Mid-Continent,"Wichita, KS",62.0,United States,US,Kansas,KS,20.0,30928.0,"Wichita, KS",62.0,37.0,N,39.0,0.0,37.65,97.0,W,25.0,58.0,-97.43277778,-600.0,1950-01-01,2011-06-30,0.0,0.0,
186,1228001.0,12280.0,IDA,Fanning Field,"Idaho Falls, ID",83.0,United States,US,Idaho,ID,16.0,32280.0,"Idaho Falls, ID",83.0,43.0,N,30.0,58.0,43.51611111,112.0,W,3.0,53.0,-112.06472222,-700.0,1950-01-01,2011-06-30,0.0,0.0,
187,1232001.0,12320.0,ILG,Greater Wilmington,"Wilmington, DE",31.0,United States,US,Delaware,DE,10.0,32320.0,"Wilmington, DE",31.0,39.0,N,40.0,42.0,39.67833333,75.0,W,36.0,27.0,-75.6075,-500.0,1950-01-01,2011-06-30,0.0,0.0,
188,1232301.0,12323.0,ILM,Wilmington International,"Wilmington, NC",36.0,United States,US,North Carolina,NC,37.0,32323.0,"Wilmington, NC",36.0,34.0,N,16.0,1.0,34.26694444,77.0,W,54.0,14.0,-77.90388889,-500.0,1950-01-01,2011-06-30,0.0,0.0,
189,1233501.0,12335.0,IMT,Ford,"Iron Mountain/Kingsfd, MI",43.0,United States,US,Michigan,MI,26.0,32335.0,"Iron Mountain/Kingsfd, MI",43.0,45.0,N,48.0,56.0,45.81555556,88.0,W,6.0,51.0,-88.11416667,-600.0,1950-01-01,2011-06-30,0.0,0.0,
190,1233901.0,12339.0,IND,Indianapolis Muni/Weir Cook,"Indianapolis, IN",42.0,United States,US,Indiana,IN,18.0,32337.0,"Indianapolis, IN",42.0,39.0,N,43.0,44.0,39.72888889,86.0,W,16.0,54.0,-86.28166667,-500.0,1950-01-01,1989-11-30,0.0,0.0,
191,1234301.0,12343.0,INL,Falls International,"International Falls, MN",63.0,United States,US,Minnesota,MN,27.0,32343.0,"International Falls, MN",63.0,48.0,N,33.0,47.0,48.56305556,93.0,W,24.0,15.0,-93.40416667,-600.0,1950-01-01,2011-06-30,0.0,0.0,
192,1236501.0,12365.0,IPT,Williamsport Regional,"Williamsport, PA",23.0,United States,US,Pennsylvania,PA,42.0,32365.0,"Williamsport, PA",23.0,41.0,N,14.0,32.0,41.24222222,76.0,W,55.0,14.0,-76.92055556,-500.0,1950-01-01,2011-06-30,0.0,0.0,
193,1239101.0,12391.0,ISP,Long Island MacArthur,"Islip, NY",22.0,United States,US,New York,NY,36.0,31703.0,"New York City, NY (Metropolitan Area)",22.0,40.0,N,47.0,48.0,40.79666667,73.0,W,6.0,3.0,-73.10083333,-500.0,1950-01-01,2011-06-30,0.0,0.0,
194,1239701.0,12397.0,ITH,Ithaca Tompkins Regional,"Ithaca/Cortland, NY",22.0,United States,US,New York,NY,36.0,32397.0,"Ithaca/Cortland, NY",22.0,42.0,N,29.0,25.0,42.49027778,76.0,W,27.0,29.0,-76.45805556,-500.0,1950-01-01,2011-06-30,0.0,0.0,
195,1240201.0,12402.0,ITO,General Lyman Field,"Hilo, HI",2.0,United States,US,Hawaii,HI,15.0,32402.0,"Hilo, HI",2.0,19.0,N,43.0,25.0,19.72361111,155.0,W,3.0,29.0,-155.05805556,-1000.0,1950-01-01,1989-06-30,0.0,0.0,
196,1241101.0,12411.0,IWA,Ivanovo Airport,"Ivanovo, U.S.S.R.",489.0,U.S.S.R.,SU,,,,32411.0,"Ivanovo, U.S.S.R.",489.0,57.0,N,0.0,0.0,57.0,41.0,E,0.0,0.0,41.0,400.0,1991-03-01,1991-12-31,0.0,0.0,
197,1244101.0,12441.0,JAC,Jackson Hole,"Jackson, WY",88.0,United States,US,Wyoming,WY,56.0,32441.0,"Jackson, WY",88.0,43.0,N,36.0,24.0,43.60666667,110.0,W,44.0,13.0,-110.73694444,-700.0,1950-01-01,2011-06-30,0.0,0.0,
198,1244801.0,12448.0,JAN,Allen C Thompson Field,"Jackson/Vicksburg, MS",53.0,United States,US,Mississippi,MS,28.0,32448.0,"Jackson/Vicksburg, MS",53.0,32.0,N,18.0,35.0,32.30972222,90.0,W,4.0,33.0,-90.07583333,-600.0,1950-01-01,2005-04-30,0.0,0.0,
199,1245101.0,12451.0,JAX,Jacksonville International,"Jacksonville, FL",33.0,United States,US,Florida,FL,12.0,31136.0,"Jacksonville, FL",33.0,30.0,N,29.0,5.0,30.48472222,81.0,W,41.0,16.0,-81.68777778,-500.0,1950-01-01,2011-06-30,0.0,0.0,
200,1247801.0,12478.0,JFK,John F. Kennedy International,"New York, NY",22.0,United States,US,New York,NY,36.0,31703.0,"New York City, NY (Metropolitan Area)",22.0,40.0,N,38.0,19.0,40.63861111,73.0,W,46.0,37.0,-73.77694444,-500.0,1950-01-01,2011-06-30,0.0,0.0,
201,1251101.0,12511.0,JLN,Joplin Municipal,"Joplin, MO",64.0,United States,US,Missouri,MO,29.0,32511.0,"Joplin, MO",64.0,37.0,N,8.0,59.0,37.14972222,94.0,W,29.0,52.0,-94.49777778,-600.0,1950-01-01,2011-06-30,0.0,0.0,
202,1251901.0,12519.0,JMS,Jamestown Regional,"Jamestown, ND",66.0,United States,US,North Dakota,ND,38.0,32519.0,"Jamestown, ND",66.0,46.0,N,55.0,48.0,46.93,98.0,W,40.0,42.0,-98.67833333,-600.0,1950-01-01,2011-06-30,0.0,0.0,
203,1252301.0,12523.0,JNU,Juneau International,"Juneau, AK",1.0,United States,US,Alaska,AK,2.0,32523.0,"Juneau, AK",1.0,58.0,N,21.0,20.0,58.35555556,134.0,W,34.0,29.0,-134.57472222,-900.0,1950-01-01,2011-06-30,0.0,0.0,
204,1254403.0,12544.0,USA,CONCORD REGIONAL,"CONCORD, NC",36.0,United States,US,North Carolina,NC,37.0,32544.0,"Concord, NC",36.0,35.0,N,23.0,16.0,35.38777778,80.0,W,42.0,33.0,-80.70916667,-500.0,2017-01-01,,0.0,1.0,
205,1255901.0,12559.0,JST,Johnstown Cambria County,"Johnstown, PA",23.0,United States,US,Pennsylvania,PA,42.0,32559.0,"Johnstown, PA",23.0,40.0,N,19.0,0.0,40.31666667,78.0,W,50.0,4.0,-78.83444444,-500.0,1950-01-01,2011-06-30,0.0,0.0,
206,1275801.0,12758.0,KOA,Keahole,"Kona, HI",2.0,United States,US,Hawaii,HI,15.0,32758.0,"Kona, HI",2.0,19.0,N,44.0,20.0,19.73888889,156.0,W,2.0,44.0,-156.04555556,-1000.0,1950-01-01,1993-03-31,0.0,0.0,
207,1281901.0,12819.0,KTN,Ketchikan International,"Ketchikan, AK",1.0,United States,US,Alaska,AK,2.0,31401.0,"Ketchikan, AK",1.0,55.0,N,21.0,30.0,55.35833333,131.0,W,43.0,0.0,-131.71666667,-900.0,1973-08-01,2011-06-30,0.0,0.0,
208,1288401.0,12884.0,LAN,Capital City,"Lansing, MI",43.0,United States,US,Michigan,MI,26.0,32884.0,"Lansing, MI",43.0,42.0,N,46.0,45.0,42.77916667,84.0,W,35.0,18.0,-84.58833333,-500.0,1950-01-01,2008-12-31,0.0,0.0,
209,1288801.0,12888.0,LAR,General Brees Field,"Laramie, WY",88.0,United States,US,Wyoming,WY,56.0,32888.0,"Laramie, WY",88.0,41.0,N,18.0,49.0,41.31361111,105.0,W,40.0,23.0,-105.67305556,-700.0,1950-01-01,2011-06-30,0.0,0.0,
210,1288901.0,12889.0,LAS,McCarran International,"Las Vegas, NV",85.0,United States,US,Nevada,NV,32.0,32211.0,"Las Vegas, NV",85.0,36.0,N,4.0,48.0,36.08,115.0,W,9.0,8.0,-115.15222222,-800.0,1950-01-01,1989-12-31,0.0,0.0,
211,1289101.0,12891.0,LAW,Lawton-Fort Sill Regional,"Lawton/Fort Sill, OK",73.0,United States,US,Oklahoma,OK,40.0,32891.0,"Lawton/Fort Sill, OK",73.0,34.0,N,34.0,11.0,34.56972222,98.0,W,24.0,58.0,-98.41611111,-600.0,1950-01-01,2011-06-30,0.0,0.0,
212,1289201.0,12892.0,LAX,Los Angeles International,"Los Angeles, CA",91.0,United States,US,California,CA,6.0,32575.0,"Los Angeles, CA (Metropolitan Area)",91.0,33.0,N,56.0,33.0,33.9425,118.0,W,24.0,29.0,-118.40805556,-800.0,1950-01-01,2011-06-30,0.0,0.0,
213,1289601.0,12896.0,LBB,Lubbock Regional,"Lubbock, TX",74.0,United States,US,Texas,TX,48.0,32896.0,"Lubbock, TX",74.0,33.0,N,39.0,44.0,33.66222222,101.0,W,49.0,22.0,-101.82277778,-600.0,1950-01-01,1991-11-30,0.0,0.0,
214,1289801.0,12898.0,LBE,Latrobe Airport,"Latrobe, PA",23.0,United States,US,Pennsylvania,PA,42.0,32898.0,"Latrobe, PA",23.0,40.0,N,16.0,35.0,40.27638889,79.0,W,24.0,10.0,-79.40277778,-500.0,1976-12-01,2003-01-31,0.0,0.0,
215,1289901.0,12899.0,LBF,North Platte Regional Airport Lee Bird Field,"North Platte, NE",65.0,United States,US,Nebraska,NE,31.0,32899.0,"North Platte, NE",65.0,41.0,N,7.0,42.0,41.12833333,100.0,W,41.0,48.0,-100.69666667,-600.0,1950-01-01,2011-06-30,0.0,0.0,
216,1290201.0,12902.0,LBL,Liberal Municipal,"Liberal, KS",62.0,United States,US,Kansas,KS,20.0,32902.0,"Liberal, KS",62.0,37.0,N,2.0,40.0,37.04444444,100.0,W,57.0,38.0,-100.96055556,-600.0,1950-01-01,2011-06-30,0.0,0.0,
217,1291501.0,12915.0,LCH,Lake Charles Regional,"Lake Charles, LA",72.0,United States,US,Louisiana,LA,22.0,31205.0,"Lake Charles, LA",72.0,30.0,N,7.0,52.0,30.13111111,93.0,W,13.0,32.0,-93.22555556,-600.0,1950-01-01,1990-12-31,0.0,0.0,
218,1291701.0,12917.0,LCK,Lockbourne AFB,"Columbus, OH",44.0,United States,US,Ohio,OH,39.0,31066.0,"Columbus, OH",44.0,39.0,N,48.0,51.0,39.81416667,82.0,W,55.0,56.0,-82.93222222,-500.0,1977-03-01,1997-12-31,0.0,0.0,
219,1294501.0,12945.0,LEX,Blue Grass,"Lexington, KY",52.0,United States,US,Kentucky,KY,21.0,32945.0,"Lexington, KY",52.0,38.0,N,2.0,23.0,38.03972222,84.0,W,36.0,8.0,-84.60222222,-500.0,1950-01-01,2001-02-28,0.0,0.0,
220,1295101.0,12951.0,LFT,Lafayette Regional,"Lafayette, LA",72.0,United States,US,Louisiana,LA,22.0,32951.0,"Lafayette, LA",72.0,30.0,N,12.0,17.0,30.20472222,91.0,W,59.0,15.0,-91.9875,-600.0,1950-01-01,2011-06-30,0.0,0.0,
221,1295301.0,12953.0,LGA,LaGuardia,"New York, NY",22.0,United States,US,New York,NY,36.0,31703.0,"New York City, NY (Metropolitan Area)",22.0,40.0,N,46.0,46.0,40.77944444,73.0,W,52.0,33.0,-73.87583333,-500.0,1950-01-01,2011-06-30,0.0,0.0,
222,1295401.0,12954.0,LGB,Long Beach Daugherty Field,"Long Beach, CA",91.0,United States,US,California,CA,6.0,32575.0,"Los Angeles, CA (Metropolitan Area)",91.0,33.0,N,49.0,3.0,33.8175,118.0,W,9.0,4.0,-118.15111111,-800.0,1950-01-01,2011-06-30,0.0,0.0,
223,1298201.0,12982.0,LIH,Lihue Airport,"Lihue, HI",2.0,United States,US,Hawaii,HI,15.0,32982.0,"Lihue, HI",2.0,21.0,N,58.0,45.0,21.97916667,159.0,W,20.0,45.0,-159.34583333,-1000.0,1950-01-01,2011-06-30,0.0,0.0,
224,1299201.0,12992.0,LIT,Adams Field,"Little Rock, AR",71.0,United States,US,Arkansas,AR,5.0,32600.0,"Little Rock, AR",71.0,34.0,N,43.0,45.0,34.72916667,92.0,W,14.0,4.0,-92.23444444,-600.0,1950-01-01,1995-11-30,0.0,0.0,
225,1302901.0,13029.0,LNK,Lincoln Airport,"Lincoln, NE",65.0,United States,US,Nebraska,NE,31.0,33029.0,"Lincoln, NE",65.0,40.0,N,51.0,3.0,40.85083333,96.0,W,45.0,32.0,-96.75888889,-600.0,1950-01-01,2011-06-30,0.0,0.0,
226,1306101.0,13061.0,LRD,Laredo AFB,"Laredo, TX",74.0,United States,US,Texas,TX,48.0,33038.0,"Laredo, TX",74.0,27.0,N,32.0,41.0,27.54472222,99.0,W,27.0,40.0,-99.46111111,-600.0,1950-01-01,1973-12-31,0.0,0.0,
227,1307201.0,13072.0,LRU,Las Cruces Municipal,"Las Cruces, NM",86.0,United States,US,New Mexico,NM,35.0,33072.0,"Las Cruces, NM",86.0,32.0,N,17.0,27.0,32.29083333,106.0,W,55.0,18.0,-106.92166667,-700.0,1950-01-01,2011-06-30,0.0,0.0,
228,1307601.0,13076.0,LSE,La Crosse Municipal,"La Crosse, WI",45.0,United States,US,Wisconsin,WI,55.0,33076.0,"La Crosse, WI",45.0,43.0,N,52.0,38.0,43.87722222,91.0,W,15.0,23.0,-91.25638889,-600.0,1950-01-01,2011-06-30,0.0,0.0,
229,1312101.0,13121.0,LWB,Greenbrier Valley,"Lewisburg, WV",39.0,United States,US,West Virginia,WV,54.0,33121.0,"Lewisburg, WV",39.0,37.0,N,51.0,35.0,37.85972222,80.0,W,23.0,55.0,-80.39861111,-500.0,1950-01-01,2011-06-30,0.0,0.0,
230,1312701.0,13127.0,LWS,Lewiston Nez Perce County,"Lewiston, ID",83.0,United States,US,Idaho,ID,16.0,33127.0,"Lewiston, ID",83.0,46.0,N,22.0,29.0,46.37472222,117.0,W,0.0,52.0,-117.01444444,-800.0,1950-01-01,2011-06-30,0.0,0.0,
231,1313901.0,13139.0,LYH,Lynchburg Regional/Preston Glenn Field,"Lynchburg, VA",38.0,United States,US,Virginia,VA,51.0,33139.0,"Lynchburg, VA",38.0,37.0,N,19.0,37.0,37.32694444,79.0,W,12.0,4.0,-79.20111111,-500.0,1950-01-01,2011-06-30,0.0,0.0,
232,1315801.0,13158.0,MAF,Midland Regional Air Trml,"Midland/Odessa, TX",74.0,United States,US,Texas,TX,48.0,33158.0,"Midland/Odessa, TX",74.0,31.0,N,56.0,27.0,31.94083333,102.0,W,12.0,5.0,-102.20138889,-600.0,1950-01-01,1992-12-31,0.0,0.0,
233,1318401.0,13184.0,MBS,Tri City,"Saginaw/Bay City/Midland, MI",43.0,United States,US,Michigan,MI,26.0,33184.0,"Saginaw/Bay City/Midland, MI",43.0,43.0,N,31.0,54.0,43.53166667,84.0,W,4.0,54.0,-84.08166667,-500.0,1950-01-01,1984-06-30,0.0,0.0,
234,1319801.0,13198.0,MCI,Kansas City International,"Kansas City, MO",64.0,United States,US,Missouri,MO,29.0,33198.0,"Kansas City, MO",64.0,39.0,N,17.0,51.0,39.2975,94.0,W,42.0,50.0,-94.71388889,-600.0,1950-01-01,,0.0,1.0,
235,1320301.0,13203.0,MCN,Middle Georgia Regional,"Macon, GA",34.0,United States,US,Georgia,GA,13.0,33155.0,"Macon, GA",34.0,32.0,N,41.0,45.0,32.69583333,83.0,W,38.0,57.0,-83.64916667,-500.0,1950-01-01,2011-06-30,0.0,0.0,
236,1320401.0,13204.0,MCO,Orlando International,"Orlando, FL",33.0,United States,US,Florida,FL,12.0,31454.0,"Orlando, FL",33.0,28.0,N,25.0,54.0,28.43166667,81.0,W,19.0,29.0,-81.32472222,-500.0,1950-01-01,2011-06-30,0.0,0.0,
237,1321101.0,13211.0,MCW,Mason City Municipal,"Mason City, IA",61.0,United States,US,Iowa,IA,19.0,33211.0,"Mason City, IA",61.0,43.0,N,9.0,25.0,43.15694444,93.0,W,19.0,46.0,-93.32944444,-600.0,1950-01-01,2011-06-30,0.0,0.0,
238,1323001.0,13230.0,MDT,Harrisburg International,"Harrisburg, PA",23.0,United States,US,Pennsylvania,PA,42.0,32070.0,"Harrisburg, PA",23.0,40.0,N,11.0,35.0,40.19305556,76.0,W,45.0,44.0,-76.76222222,-500.0,1950-01-01,2011-06-30,0.0,0.0,
239,1323201.0,13232.0,MDW,Chicago Midway International,"Chicago, IL",41.0,United States,US,Illinois,IL,17.0,30977.0,"Chicago, IL",41.0,41.0,N,47.0,6.0,41.785,87.0,W,45.0,7.0,-87.75194444,-600.0,1950-01-01,2011-06-30,0.0,0.0,
240,1324101.0,13241.0,MEI,Key Field,"Meridian, MS",53.0,United States,US,Mississippi,MS,28.0,33241.0,"Meridian, MS",53.0,32.0,N,20.0,14.0,32.33722222,88.0,W,44.0,57.0,-88.74916667,-600.0,1950-01-01,2011-06-30,0.0,0.0,
241,1324401.0,13244.0,MEM,Memphis International,"Memphis, TN",54.0,United States,US,Tennessee,TN,47.0,33244.0,"Memphis, TN",54.0,35.0,N,2.0,59.0,35.04972222,89.0,W,58.0,43.0,-89.97861111,-600.0,1950-01-01,2011-06-30,0.0,0.0,
242,1325601.0,13256.0,MFE,McAllen Miller International,"Mission/McAllen/Edinburg, TX",74.0,United States,US,Texas,TX,48.0,33256.0,"Mission/McAllen/Edinburg, TX",74.0,26.0,N,10.0,37.0,26.17694444,98.0,W,14.0,23.0,-98.23972222,-600.0,1950-01-01,2011-06-30,0.0,0.0,
243,1326401.0,13264.0,MFR,Medford Jackson County,"Medford, OR",92.0,United States,US,Oregon,OR,41.0,33264.0,"Medford, OR",92.0,42.0,N,22.0,25.0,42.37361111,122.0,W,52.0,20.0,-122.87222222,-800.0,1950-01-01,1995-02-28,0.0,0.0,
244,1327701.0,13277.0,MGM,Dannelly Field,"Montgomery, AL",51.0,United States,US,Alabama,AL,1.0,33277.0,"Montgomery, AL",51.0,32.0,N,18.0,0.0,32.3,86.0,W,23.0,28.0,-86.39111111,-600.0,1950-01-01,2011-06-30,0.0,0.0,
245,1328201.0,13282.0,MGW,Morgantown Municipal-Walter L. Bill Hart Field,"Morgantown, WV",39.0,United States,US,West Virginia,WV,54.0,33282.0,"Morgantown, WV",39.0,39.0,N,38.0,34.0,39.64277778,79.0,W,54.0,57.0,-79.91583333,-500.0,1950-01-01,2011-06-30,0.0,0.0,
246,1329001.0,13290.0,MHK,Manhattan Regional,"Manhattan/Ft. Riley, KS",62.0,United States,US,Kansas,KS,20.0,33290.0,"Manhattan/Ft. Riley, KS",62.0,39.0,N,8.0,32.0,39.14222222,96.0,W,40.0,8.0,-96.66888889,-600.0,1950-01-01,2011-06-30,0.0,0.0,
247,1329601.0,13296.0,MHT,Grenier Field/Manchester Municipal,"Manchester, NH",14.0,United States,US,New Hampshire,NH,33.0,30721.0,"Boston, MA (Metropolitan Area)",13.0,42.0,N,56.0,18.0,42.93833333,71.0,W,26.0,20.0,-71.43888889,-500.0,1950-01-01,1977-12-31,0.0,0.0,
248,1330301.0,13303.0,MIA,Miami International,"Miami, FL",33.0,United States,US,Florida,FL,12.0,32467.0,"Miami, FL (Metropolitan Area)",33.0,25.0,N,47.0,33.0,25.7925,80.0,W,17.0,10.0,-80.28611111,-500.0,1950-01-01,1980-03-31,0.0,0.0,
249,1334201.0,13342.0,MKE,General Mitchell Field,"Milwaukee, WI",45.0,United States,US,Wisconsin,WI,55.0,33342.0,"Milwaukee, WI",45.0,42.0,N,57.0,1.0,42.95027778,87.0,W,53.0,50.0,-87.89722222,-600.0,1950-01-01,1986-05-31,0.0,0.0,
250,1334401.0,13344.0,MKG,Muskegon County,"Muskegon, MI",43.0,United States,US,Michigan,MI,26.0,33344.0,"Muskegon, MI",43.0,43.0,N,10.0,14.0,43.17055556,86.0,W,14.0,15.0,-86.2375,-500.0,1950-01-01,2011-06-30,0.0,0.0,
251,1336001.0,13360.0,MLB,Melbourne Regional,"Melbourne, FL",33.0,United States,US,Florida,FL,12.0,33360.0,"Melbourne, FL",33.0,28.0,N,6.0,9.0,28.1025,80.0,W,38.0,35.0,-80.64305556,-500.0,1950-01-01,1993-06-30,0.0,0.0,
252,1336701.0,13367.0,MLI,Quad City International,"Moline, IL",41.0,United States,US,Illinois,IL,17.0,33367.0,"Quad Cities, IL (Metropolitan Area)",41.0,41.0,N,26.0,56.0,41.44888889,90.0,W,30.0,18.0,-90.505,-600.0,1950-01-01,2011-06-30,0.0,0.0,
253,1337701.0,13377.0,MLU,Monroe Regional,"Monroe, LA",72.0,United States,US,Louisiana,LA,22.0,33377.0,"Monroe, LA",72.0,32.0,N,30.0,40.0,32.51111111,92.0,W,2.0,20.0,-92.03888889,-600.0,1950-01-01,2011-06-30,0.0,0.0,
254,1342201.0,13422.0,MOB,Mobile Regional,"Mobile, AL",51.0,United States,US,Alabama,AL,1.0,30562.0,"Mobile, AL",51.0,30.0,N,41.0,18.0,30.68833333,88.0,W,14.0,27.0,-88.24083333,-600.0,1950-01-01,2011-06-30,0.0,0.0,
255,1343301.0,13433.0,MOT,Minot International,"Minot, ND",66.0,United States,US,North Dakota,ND,38.0,33304.0,"Minot, ND",66.0,48.0,N,15.0,34.0,48.25944444,101.0,W,16.0,51.0,-101.28083333,-600.0,1950-01-01,2011-06-30,0.0,0.0,
256,1345901.0,13459.0,MQT,Marquette County,"Marquette, MI",43.0,United States,US,Michigan,MI,26.0,33459.0,"Marquette, MI",43.0,46.0,N,21.0,13.0,46.35361111,87.0,W,23.0,43.0,-87.39527778,-500.0,1950-01-01,2002-05-31,0.0,0.0,
257,1347601.0,13476.0,MRY,Monterey Peninsula,"Monterey, CA",91.0,United States,US,California,CA,6.0,34922.0,"Salinas/Monterey, CA",91.0,36.0,N,35.0,17.0,36.58805556,121.0,W,50.0,53.0,-121.84805556,-800.0,1950-01-01,2011-06-30,0.0,0.0,
258,1348501.0,13485.0,MSN,Truax Field,"Madison, WI",45.0,United States,US,Wisconsin,WI,55.0,33485.0,"Madison, WI",45.0,43.0,N,8.0,31.0,43.14194444,89.0,W,20.0,13.0,-89.33694444,-600.0,1950-01-01,2011-06-30,0.0,0.0,
259,1348601.0,13486.0,MSO,Missoula International,"Missoula, MT",84.0,United States,US,Montana,MT,30.0,33486.0,"Missoula, MT",84.0,46.0,N,54.0,56.0,46.91555556,114.0,W,5.0,15.0,-114.0875,-700.0,1950-01-01,2011-06-30,0.0,0.0,
260,1348701.0,13487.0,MSP,Minneapolis-St Paul International,"Minneapolis, MN",63.0,United States,US,Minnesota,MN,27.0,31650.0,"Minneapolis/St. Paul, MN",63.0,44.0,N,53.0,10.0,44.88611111,93.0,W,13.0,4.0,-93.21777778,-600.0,1950-01-01,2011-06-30,0.0,0.0,
261,1349501.0,13495.0,MSY,Louis Armstrong New Orleans International,"New Orleans, LA",72.0,United States,US,Louisiana,LA,22.0,33495.0,"New Orleans, LA",72.0,29.0,N,59.0,28.0,29.99111111,90.0,W,15.0,5.0,-90.25138889,-600.0,1950-01-01,2011-06-30,0.0,0.0,
262,1350201.0,13502.0,MTJ,Montrose Regional,"Montrose/Delta, CO",82.0,United States,US,Colorado,CO,8.0,33502.0,"Montrose/Delta, CO",82.0,38.0,N,30.0,2.0,38.50055556,107.0,W,53.0,41.0,-107.89472222,-700.0,1950-01-01,2011-06-30,0.0,0.0,
263,1354101.0,13541.0,MVY,Martha's Vineyard Airport,"Martha's Vineyard, MA",13.0,United States,US,Massachusetts,MA,25.0,33541.0,"Martha's Vineyard, MA",13.0,41.0,N,23.0,34.0,41.39277778,70.0,W,37.0,0.0,-70.61666667,-500.0,1950-01-01,2011-06-30,0.0,0.0,
264,1354601.0,13546.0,MWH,Grant County International,"Moses Lake, WA",93.0,United States,US,Washington,WA,53.0,33546.0,"Moses Lake, WA",93.0,47.0,N,12.0,18.0,47.205,119.0,W,18.0,56.0,-119.31555556,-800.0,1950-01-01,1994-05-31,0.0,0.0,
265,1357701.0,13577.0,MYR,Myrtle Beach International,"Myrtle Beach, SC",37.0,United States,US,South Carolina,SC,45.0,31135.0,"Myrtle Beach, SC",37.0,33.0,N,40.0,45.0,33.67916667,78.0,W,55.0,47.0,-78.92972222,-500.0,1950-01-01,2011-06-30,0.0,0.0,
266,1360501.0,13605.0,NAS,Nassau International,"Nassau, The Bahamas",204.0,The Bahamas,BS,,,,33605.0,"Nassau, The Bahamas",204.0,25.0,N,2.0,26.0,25.04055556,77.0,W,28.0,19.0,-77.47194444,-500.0,1973-07-01,2011-06-30,0.0,0.0,
267,1379501.0,13795.0,OAJ,Albert J Ellis,"Jacksonville/Camp Lejeune, NC",36.0,United States,US,North Carolina,NC,37.0,33795.0,"Jacksonville/Camp Lejeune, NC",36.0,34.0,N,49.0,49.0,34.83027778,77.0,W,36.0,42.0,-77.61166667,-500.0,1950-01-01,2011-06-30,0.0,0.0,
268,1379601.0,13796.0,OAK,Metropolitan Oakland International,"Oakland, CA",91.0,United States,US,California,CA,6.0,32457.0,"San Francisco, CA (Metropolitan Area)",91.0,37.0,N,43.0,17.0,37.72138889,122.0,W,13.0,15.0,-122.22083333,-800.0,1950-01-01,2013-10-31,0.0,0.0,
269,1382901.0,13829.0,OGD,Ogden-Hinckley,"Ogden, UT",87.0,United States,US,Utah,UT,49.0,32131.0,"Ogden, UT",87.0,41.0,N,11.0,47.0,41.19638889,112.0,W,0.0,39.0,-112.01083333,-700.0,1950-01-01,2011-06-30,0.0,0.0,
270,1383001.0,13830.0,OGG,Kahului Airport,"Kahului, HI",2.0,United States,US,Hawaii,HI,15.0,33830.0,"Kahului, HI",2.0,20.0,N,54.0,2.0,20.90055556,156.0,W,26.0,1.0,-156.43361111,-1000.0,1950-01-01,2011-06-30,0.0,0.0,
271,1383201.0,13832.0,OGS,Ogdensburg International,"Ogdensburg, NY",22.0,United States,US,New York,NY,36.0,33832.0,"Ogdensburg, NY",22.0,44.0,N,40.0,54.0,44.68166667,75.0,W,27.0,57.0,-75.46583333,-500.0,1950-01-01,2011-06-30,0.0,0.0,
272,1385101.0,13851.0,OKC,Will Rogers World,"Oklahoma City, OK",73.0,United States,US,Oklahoma,OK,40.0,33851.0,"Oklahoma City, OK",73.0,35.0,N,23.0,32.0,35.39222222,97.0,W,36.0,6.0,-97.60166667,-600.0,1950-01-01,1989-11-30,0.0,0.0,
273,1387101.0,13871.0,OMA,Eppley Airfield,"Omaha, NE",65.0,United States,US,Nebraska,NE,31.0,33316.0,"Omaha, NE",65.0,41.0,N,18.0,7.0,41.30194444,95.0,W,53.0,36.0,-95.89333333,-600.0,1950-01-01,2011-06-30,0.0,0.0,
274,1387301.0,13873.0,OME,Nome Airport,"Nome, AK",1.0,United States,US,Alaska,AK,2.0,33873.0,"Nome, AK",1.0,64.0,N,30.0,41.0,64.51138889,165.0,W,26.0,30.0,-165.44166667,-900.0,1950-01-01,2011-06-30,0.0,0.0,
275,1389101.0,13891.0,ONT,Ontario International,"Ontario, CA",91.0,United States,US,California,CA,6.0,32575.0,"Los Angeles, CA (Metropolitan Area)",91.0,34.0,N,3.0,22.0,34.05611111,117.0,W,36.0,4.0,-117.60111111,-800.0,1950-01-01,,0.0,1.0,
276,1393001.0,13930.0,ORD,Chicago O'Hare International,"Chicago, IL",41.0,United States,US,Illinois,IL,17.0,30977.0,"Chicago, IL",41.0,41.0,N,58.0,41.0,41.97805556,87.0,W,54.0,22.0,-87.90611111,-600.0,1950-01-01,2011-06-30,0.0,0.0,
277,1393101.0,13931.0,ORF,Norfolk International,"Norfolk, VA",38.0,United States,US,Virginia,VA,51.0,33667.0,"Norfolk, VA (Metropolitan Area)",38.0,36.0,N,53.0,45.0,36.89583333,76.0,W,12.0,5.0,-76.20138889,-500.0,1950-01-01,2011-06-30,0.0,0.0,
278,1393301.0,13933.0,ORH,Worcester Regional,"Worcester, MA",13.0,United States,US,Massachusetts,MA,25.0,33933.0,"Worcester, MA",13.0,42.0,N,16.0,9.0,42.26916667,71.0,W,52.0,28.0,-71.87444444,-500.0,1950-01-01,2011-06-30,0.0,0.0,
279,1396401.0,13964.0,OTH,North Bend Municipal,"North Bend/Coos Bay, OR",92.0,United States,US,Oregon,OR,41.0,33964.0,"North Bend/Coos Bay, OR",92.0,43.0,N,25.0,8.0,43.41888889,124.0,W,14.0,24.0,-124.24,-800.0,1950-01-01,2006-03-31,0.0,0.0,
280,1397001.0,13970.0,OTZ,Ralph Wien Memorial,"Kotzebue, AK",1.0,United States,US,Alaska,AK,2.0,33970.0,"Kotzebue, AK",1.0,66.0,N,53.0,17.0,66.88805556,162.0,W,36.0,21.0,-162.60583333,-900.0,1950-01-01,2011-06-30,0.0,0.0,
281,1398301.0,13983.0,OWB,Owensboro Daviess County,"Owensboro, KY",52.0,United States,US,Kentucky,KY,21.0,33983.0,"Owensboro, KY",52.0,37.0,N,44.0,27.0,37.74083333,87.0,W,9.0,57.0,-87.16583333,-600.0,1950-01-01,2011-06-30,0.0,0.0,
282,1400401.0,14004.0,PAE,Snohomish County Paine Field,"Everett, WA",93.0,United States,US,Washington,WA,53.0,34004.0,"Everett, WA",93.0,47.0,N,54.0,30.0,47.90833333,122.0,W,16.0,53.0,-122.28138889,-800.0,1950-01-01,2011-06-30,0.0,0.0,
283,1400601.0,14006.0,PAH,Barkley Regional,"Paducah, KY",52.0,United States,US,Kentucky,KY,21.0,34006.0,"Paducah, KY",52.0,37.0,N,3.0,40.0,37.06111111,88.0,W,46.0,21.0,-88.7725,-600.0,1950-01-01,2011-06-30,0.0,0.0,
284,1402501.0,14025.0,PBG,Plattsburgh International,"Plattsburgh, NY",22.0,United States,US,New York,NY,36.0,34025.0,"Plattsburgh, NY",22.0,44.0,N,39.0,3.0,44.65083333,73.0,W,28.0,5.0,-73.46805556,-500.0,1975-12-01,,0.0,1.0,
285,1402701.0,14027.0,PBI,Palm Beach International,"West Palm Beach/Palm Beach, FL",33.0,United States,US,Florida,FL,12.0,34027.0,"West Palm Beach/Palm Beach, FL",33.0,26.0,N,40.0,56.0,26.68222222,80.0,W,5.0,39.0,-80.09416667,-500.0,1950-01-01,2011-06-30,0.0,0.0,
286,1405701.0,14057.0,PDX,Portland International,"Portland, OR",92.0,United States,US,Oregon,OR,41.0,34057.0,"Portland, OR",92.0,45.0,N,35.0,21.0,45.58916667,122.0,W,35.0,42.0,-122.595,-800.0,1950-01-01,2011-06-30,0.0,0.0,
287,1408201.0,14082.0,PGD,Charlotte County,"Punta Gorda, FL",33.0,United States,US,Florida,FL,12.0,34082.0,"Punta Gorda, FL",33.0,26.0,N,55.0,9.0,26.91916667,81.0,W,59.0,29.0,-81.99138889,-500.0,1950-01-01,2011-06-30,0.0,0.0,
288,1409201.0,14092.0,PGV,Pitt Greenville,"Greenville, NC",36.0,United States,US,North Carolina,NC,37.0,34092.0,"Greenville, NC",36.0,35.0,N,38.0,0.0,35.63333333,77.0,W,23.0,7.0,-77.38527778,-500.0,1950-01-01,2011-06-30,0.0,0.0,
289,1409801.0,14098.0,PHF,Patrick Henry International,"Newport News/Williamsburg, VA",38.0,United States,US,Virginia,VA,51.0,33667.0,"Norfolk, VA (Metropolitan Area)",38.0,37.0,N,7.0,54.0,37.13166667,76.0,W,29.0,36.0,-76.49333333,-500.0,1950-01-01,1990-08-31,0.0,0.0,
290,1410001.0,14100.0,PHL,Philadelphia International,"Philadelphia, PA",23.0,United States,US,Pennsylvania,PA,42.0,34100.0,"Philadelphia, PA",23.0,39.0,N,52.0,5.0,39.86805556,75.0,W,14.0,55.0,-75.24861111,-500.0,1950-01-01,2011-06-30,0.0,0.0,
291,1410701.0,14107.0,PHX,Phoenix Sky Harbor International,"Phoenix, AZ",81.0,United States,US,Arizona,AZ,4.0,30466.0,"Phoenix, AZ",81.0,33.0,N,26.0,10.0,33.43611111,112.0,W,0.0,34.0,-112.00944444,-700.0,1950-01-01,2011-06-30,0.0,0.0,
292,1410801.0,14108.0,PIA,Greater Peoria,"Peoria, IL",41.0,United States,US,Illinois,IL,17.0,34108.0,"Peoria, IL",41.0,40.0,N,39.0,41.0,40.66138889,89.0,W,41.0,14.0,-89.68722222,-600.0,1950-01-01,2008-09-30,0.0,0.0,
293,1410901.0,14109.0,PIB,Hattiesburg-Laurel Regional,"Hattiesburg/Laurel, MS",53.0,United States,US,Mississippi,MS,28.0,34109.0,"Hattiesburg/Laurel, MS",53.0,31.0,N,28.0,3.0,31.4675,89.0,W,20.0,12.0,-89.33666667,-600.0,1950-01-01,2011-06-30,0.0,0.0,
294,1411201.0,14112.0,PIE,St. Petersburg-Clearwater International,"St. Petersburg, FL",33.0,United States,US,Florida,FL,12.0,33195.0,"Tampa, FL (Metropolitan Area)",33.0,27.0,N,54.0,26.0,27.90722222,82.0,W,41.0,8.0,-82.68555556,-500.0,1950-01-01,2011-06-30,0.0,0.0,
295,1411301.0,14113.0,PIH,Pocatello Regional,"Pocatello, ID",83.0,United States,US,Idaho,ID,16.0,34113.0,"Pocatello, ID",83.0,42.0,N,54.0,48.0,42.91333333,112.0,W,35.0,40.0,-112.59444444,-700.0,1950-01-01,2011-06-30,0.0,0.0,
296,1412001.0,14120.0,PIR,Pierre Municipal,"Pierre, SD",67.0,United States,US,South Dakota,SD,46.0,34120.0,"Pierre, SD",67.0,44.0,N,23.0,1.0,44.38361111,100.0,W,17.0,3.0,-100.28416667,-600.0,1950-01-01,2011-06-30,0.0,0.0,
297,1412201.0,14122.0,PIT,Pittsburgh International,"Pittsburgh, PA",23.0,United States,US,Pennsylvania,PA,42.0,30198.0,"Pittsburgh, PA",23.0,40.0,N,29.0,48.0,40.49666667,80.0,W,14.0,9.0,-80.23583333,-500.0,1950-01-01,2011-06-30,0.0,0.0,
298,1415001.0,14150.0,PLN,Pellston Regional Airport of Emmet County,"Pellston, MI",43.0,United States,US,Michigan,MI,26.0,34150.0,"Pellston, MI",43.0,45.0,N,34.0,15.0,45.57083333,84.0,W,47.0,34.0,-84.79277778,-500.0,1950-01-01,2011-06-30,0.0,0.0,
299,1415301.0,14153.0,PLS,Providenciales Airport,"Providenciales, Turks and Caicos Islands",267.0,Turks and Caicos Islands,TC,,,,34153.0,"Providenciales, Turks and Caicos Islands",267.0,21.0,N,46.0,22.0,21.77277778,72.0,W,16.0,6.0,-72.26833333,-500.0,1950-01-01,1984-12-31,0.0,0.0,
300,1419301.0,14193.0,PNS,Pensacola Regional,"Pensacola, FL",33.0,United States,US,Florida,FL,12.0,33728.0,"Pensacola, FL",33.0,30.0,N,28.0,24.0,30.47333333,87.0,W,11.0,15.0,-87.1875,-600.0,1950-01-01,2008-06-30,0.0,0.0,
301,1422201.0,14222.0,PPG,Pago Pago International,"Pago Pago, American Samoa",800.0,American Samoa,AS,,,,34222.0,"Pago Pago, American Samoa",800.0,14.0,S,20.0,4.0,-14.33444444,170.0,W,42.0,35.0,-170.70972222,-1100.0,1950-01-01,1989-12-31,0.0,0.0,
302,1423101.0,14231.0,PQI,Presque Isle Municipal,"Presque Isle/Houlton, ME",12.0,United States,US,Maine,ME,23.0,34231.0,"Presque Isle/Houlton, ME",12.0,46.0,N,41.0,6.0,46.685,68.0,W,2.0,51.0,-68.0475,-500.0,1950-01-01,2011-06-30,0.0,0.0,
303,1423701.0,14237.0,PRC,Prescott Municipal,"Prescott, AZ",81.0,United States,US,Arizona,AZ,4.0,34237.0,"Prescott, AZ",81.0,34.0,N,39.0,0.0,34.65,112.0,W,25.0,27.0,-112.42416667,-700.0,1950-01-01,2011-06-30,0.0,0.0,
304,1425201.0,14252.0,PSC,Tri Cities,"Pasco/Kennewick/Richland, WA",93.0,United States,US,Washington,WA,53.0,34252.0,"Pasco/Kennewick/Richland, WA",93.0,46.0,N,15.0,50.0,46.26388889,119.0,W,6.0,53.0,-119.11472222,-800.0,1950-01-01,2011-06-30,0.0,0.0,
305,1425401.0,14254.0,PSE,Ponce Airport,"Ponce, Puerto Rico",268.0,Puerto Rico,PR,,,,34254.0,"Ponce, Puerto Rico",268.0,18.0,N,0.0,39.0,18.01083333,66.0,W,33.0,49.0,-66.56361111,-400.0,1950-01-01,1989-12-31,0.0,0.0,
306,1425601.0,14256.0,PSG,Petersburg James A Johnson,"Petersburg, AK",1.0,United States,US,Alaska,AK,2.0,34256.0,"Petersburg, AK",1.0,56.0,N,48.0,15.0,56.80416667,132.0,W,56.0,33.0,-132.9425,-900.0,1950-01-01,2011-06-30,0.0,0.0,
307,1425901.0,14259.0,PSM,Portsmouth Pease International,"Portsmouth, NH",14.0,United States,US,New Hampshire,NH,33.0,34259.0,"Portsmouth, NH",14.0,43.0,N,4.0,40.0,43.07777778,70.0,W,49.0,24.0,-70.82333333,-500.0,1950-01-01,2011-06-30,0.0,0.0,
308,1426201.0,14262.0,PSP,Palm Springs International,"Palm Springs, CA",91.0,United States,US,California,CA,6.0,34262.0,"Palm Springs, CA",91.0,33.0,N,49.0,36.0,33.82666667,116.0,W,30.0,18.0,-116.505,-800.0,1950-01-01,2011-06-30,0.0,0.0,
309,1428801.0,14288.0,PUB,Pueblo Memorial,"Pueblo, CO",82.0,United States,US,Colorado,CO,8.0,34288.0,"Pueblo, CO",82.0,38.0,N,17.0,34.0,38.29277778,104.0,W,29.0,46.0,-104.49611111,-700.0,1950-01-01,2011-06-30,0.0,0.0,
310,1429301.0,14293.0,PUJ,Punta Cana International,"Punta Cana, Dominican Republic",224.0,Dominican Republic,DO,,,,34293.0,"Punta Cana, Dominican Republic",224.0,18.0,N,34.0,2.0,18.56722222,68.0,W,21.0,48.0,-68.36333333,-400.0,1950-01-01,2011-11-30,0.0,0.0,
311,1430301.0,14303.0,PUW,Pullman Moscow Regional,"Pullman, WA",93.0,United States,US,Washington,WA,53.0,34303.0,"Pullman, WA",93.0,46.0,N,44.0,41.0,46.74472222,117.0,W,6.0,18.0,-117.105,-800.0,1950-01-01,2011-06-30,0.0,0.0,
312,1430701.0,14307.0,PVD,Theodore Francis Green State,"Providence, RI",15.0,United States,US,Rhode Island,RI,44.0,30721.0,"Boston, MA (Metropolitan Area)",13.0,41.0,N,43.0,42.0,41.72833333,71.0,W,25.0,34.0,-71.42611111,-500.0,1950-01-01,2011-06-30,0.0,0.0,
313,1431401.0,14314.0,PVU,Provo Municipal,"Provo, UT",87.0,United States,US,Utah,UT,49.0,34314.0,"Provo, UT",87.0,40.0,N,13.0,5.0,40.21805556,111.0,W,43.0,20.0,-111.72222222,-700.0,1950-01-01,2011-06-30,0.0,0.0,
314,1432101.0,14321.0,PWM,Portland International Jetport,"Portland, ME",12.0,United States,US,Maine,ME,23.0,34321.0,"Portland, ME",12.0,43.0,N,38.0,40.0,43.64444444,70.0,W,18.0,13.0,-70.30361111,-500.0,1950-01-01,2011-06-30,0.0,0.0,
315,1445701.0,14457.0,RAP,Rapid City Regional,"Rapid City, SD",67.0,United States,US,South Dakota,SD,46.0,34457.0,"Rapid City, SD",67.0,44.0,N,2.0,43.0,44.04527778,103.0,W,3.0,25.0,-103.05694444,-700.0,1950-01-01,2011-06-30,0.0,0.0,
316,1448701.0,14487.0,RDD,Redding Municipal,"Redding, CA",91.0,United States,US,California,CA,6.0,33792.0,"Redding, CA",91.0,40.0,N,30.0,30.0,40.50833333,122.0,W,17.0,32.0,-122.29222222,-800.0,1950-01-01,2011-06-30,0.0,0.0,
317,1448901.0,14489.0,RDM,Roberts Field,"Bend/Redmond, OR",92.0,United States,US,Oregon,OR,41.0,34489.0,"Bend/Redmond, OR",92.0,44.0,N,15.0,16.0,44.25444444,121.0,W,9.0,5.0,-121.15138889,-800.0,1950-01-01,2011-06-30,0.0,0.0,
318,1449201.0,14492.0,RDU,Raleigh-Durham International,"Raleigh/Durham, NC",36.0,United States,US,North Carolina,NC,37.0,34492.0,"Raleigh/Durham, NC",36.0,35.0,N,52.0,31.0,35.87527778,78.0,W,46.0,55.0,-78.78194444,-500.0,1950-01-01,2011-06-30,0.0,0.0,
319,1451201.0,14512.0,RFD,Chicago/Rockford International,"Rockford, IL",41.0,United States,US,Illinois,IL,17.0,34512.0,"Rockford, IL",41.0,42.0,N,11.0,50.0,42.19722222,89.0,W,5.0,33.0,-89.0925,-600.0,1950-01-01,2011-06-30,0.0,0.0,
320,1452001.0,14520.0,RHI,Rhinelander/Oneida County,"Rhinelander, WI",45.0,United States,US,Wisconsin,WI,55.0,34520.0,"Rhinelander, WI",45.0,45.0,N,37.0,53.0,45.63138889,89.0,W,27.0,27.0,-89.4575,-600.0,1950-01-01,2011-06-30,0.0,0.0,
321,1452401.0,14524.0,RIC,Richmond International,"Richmond, VA",38.0,United States,US,Virginia,VA,51.0,34524.0,"Richmond, VA",38.0,37.0,N,30.0,19.0,37.50527778,77.0,W,19.0,11.0,-77.31972222,-500.0,1950-01-01,,0.0,1.0,
322,1453401.0,14534.0,RIW,Riverton Regional,"Riverton/Lander, WY",88.0,United States,US,Wyoming,WY,56.0,34534.0,"Riverton/Lander, WY",88.0,43.0,N,3.0,52.0,43.06444444,108.0,W,27.0,25.0,-108.45694444,-700.0,1950-01-01,2011-06-30,0.0,0.0,
323,1454301.0,14543.0,RKS,Rock Springs Sweetwater County,"Rock Springs, WY",88.0,United States,US,Wyoming,WY,56.0,34543.0,"Rock Springs, WY",88.0,41.0,N,35.0,47.0,41.59638889,109.0,W,3.0,57.0,-109.06583333,-700.0,1950-01-01,2011-06-30,0.0,0.0,
324,1457001.0,14570.0,RNO,Reno/Tahoe International,"Reno, NV",85.0,United States,US,Nevada,NV,32.0,34570.0,"Reno, NV",85.0,39.0,N,29.0,52.0,39.49777778,119.0,W,46.0,3.0,-119.7675,-800.0,1950-01-01,2011-06-30,0.0,0.0,
325,1457401.0,14574.0,ROA,Roanoke Regional/Woodrum Field,"Roanoke, VA",38.0,United States,US,Virginia,VA,51.0,34574.0,"Roanoke, VA",38.0,37.0,N,19.0,29.0,37.32472222,79.0,W,58.0,35.0,-79.97638889,-500.0,1950-01-01,2011-06-30,0.0,0.0,
326,1457601.0,14576.0,ROC,Rochester Monroe County,"Rochester, NY",22.0,United States,US,New York,NY,36.0,34576.0,"Rochester, NY",22.0,43.0,N,7.0,17.0,43.12138889,77.0,W,40.0,15.0,-77.67083333,-500.0,1950-01-01,1995-03-31,0.0,0.0,
327,1458801.0,14588.0,ROW,Roswell International Air Center,"Roswell, NM",86.0,United States,US,New Mexico,NM,35.0,34588.0,"Roswell, NM",86.0,33.0,N,18.0,6.0,33.30166667,104.0,W,31.0,50.0,-104.53055556,-700.0,1950-01-01,2017-07-31,0.0,0.0,
328,1463301.0,14633.0,RST,Rochester Municipal,"Rochester, MN",63.0,United States,US,Minnesota,MN,27.0,32547.0,"Rochester, MN",63.0,43.0,N,54.0,37.0,43.91027778,92.0,W,29.0,47.0,-92.49638889,-600.0,1950-01-01,1995-06-30,0.0,0.0,
329,1463501.0,14635.0,RSW,Southwest Florida International,"Fort Myers, FL",33.0,United States,US,Florida,FL,12.0,31714.0,"Fort Myers, FL",33.0,26.0,N,32.0,10.0,26.53611111,81.0,W,45.0,18.0,-81.755,-500.0,1950-01-01,2011-06-30,0.0,0.0,
330,1467401.0,14674.0,SAF,Santa Fe Municipal,"Santa Fe, NM",86.0,United States,US,New Mexico,NM,35.0,34674.0,"Santa Fe, NM",86.0,35.0,N,37.0,3.0,35.6175,106.0,W,5.0,18.0,-106.08833333,-700.0,1950-01-01,2011-06-30,0.0,0.0,
331,1467901.0,14679.0,SAN,San Diego International Lindbergh Fl,"San Diego, CA",91.0,United States,US,California,CA,6.0,33570.0,"San Diego, CA",91.0,32.0,N,43.0,58.0,32.73277778,117.0,W,11.0,14.0,-117.18722222,-800.0,1950-01-01,1990-12-31,0.0,0.0,
332,1468301.0,14683.0,SAT,San Antonio International,"San Antonio, TX",74.0,United States,US,Texas,TX,48.0,33214.0,"San Antonio, TX",74.0,29.0,N,32.0,0.0,29.53333333,98.0,W,28.0,10.0,-98.46944444,-600.0,1950-01-01,2011-06-30,0.0,0.0,
333,1468501.0,14685.0,SAV,Savannah/Hilton Head International,"Savannah, GA",34.0,United States,US,Georgia,GA,13.0,34685.0,"Savannah, GA",34.0,32.0,N,7.0,39.0,32.1275,81.0,W,12.0,9.0,-81.2025,-500.0,1950-01-01,2011-06-30,0.0,0.0,
334,1468901.0,14689.0,SBA,Santa Barbara Municipal,"Santa Barbara, CA",91.0,United States,US,California,CA,6.0,34689.0,"Santa Barbara, CA",91.0,34.0,N,25.0,40.0,34.42777778,119.0,W,50.0,22.0,-119.83944444,-800.0,1950-01-01,2011-06-30,0.0,0.0,
335,1469601.0,14696.0,SBN,Michiana Regional,"South Bend, IN",42.0,United States,US,Indiana,IN,18.0,34696.0,"South Bend, IN",42.0,41.0,N,42.0,16.0,41.70444444,86.0,W,18.0,45.0,-86.3125,-500.0,1950-01-01,2000-12-31,0.0,0.0,
336,1469801.0,14698.0,SBP,San Luis Obispo County Regional,"San Luis Obispo, CA",91.0,United States,US,California,CA,6.0,34236.0,"Paso Robles/San Luis Obispo, CA",91.0,35.0,N,14.0,12.0,35.23666667,120.0,W,38.0,21.0,-120.63916667,-800.0,1950-01-01,2011-06-30,0.0,0.0,
337,1470401.0,14704.0,SBY,Salisbury-Ocean City/Wicomico Regional,"Salisbury, MD",35.0,United States,US,Maryland,MD,24.0,34704.0,"Salisbury, MD",35.0,38.0,N,20.0,19.0,38.33861111,75.0,W,30.0,36.0,-75.51,-500.0,1950-01-01,2011-06-30,0.0,0.0,
338,1470901.0,14709.0,SCC,Deadhorse Airport,"Deadhorse, AK",1.0,United States,US,Alaska,AK,2.0,30073.0,"Deadhorse, AK",1.0,70.0,N,11.0,40.0,70.19444444,148.0,W,28.0,5.0,-148.46805556,-900.0,1950-01-01,1985-05-31,0.0,0.0,
339,1471101.0,14711.0,SCE,State College Air Depot,"State College, PA",23.0,United States,US,Pennsylvania,PA,42.0,34711.0,"Philipsburg/State College, PA",23.0,40.0,N,46.0,15.0,40.77083333,77.0,W,52.0,53.0,-77.88138889,-500.0,1950-01-01,2002-12-31,0.0,0.0,
340,1471601.0,14716.0,SCK,Stockton Metropolitan,"Stockton, CA",91.0,United States,US,California,CA,6.0,34716.0,"Stockton, CA",91.0,37.0,N,53.0,40.0,37.89444444,121.0,W,14.0,21.0,-121.23916667,-800.0,1950-01-01,2011-06-30,0.0,0.0,
341,1473001.0,14730.0,SDF,Standiford Field,"Louisville, KY",52.0,United States,US,Kentucky,KY,21.0,33044.0,"Louisville, KY",52.0,38.0,N,10.0,47.0,38.17972222,85.0,W,44.0,19.0,-85.73861111,-500.0,1950-01-01,1995-06-30,0.0,0.0,
342,1473901.0,14739.0,SDQ,Las Americas International,"Santo Domingo, Dominican Republic",224.0,Dominican Republic,DO,,,,32105.0,"Santo Domingo, Dominican Republic",224.0,18.0,N,25.0,45.0,18.42916667,69.0,W,40.0,9.0,-69.66916667,-400.0,1950-01-01,2011-06-30,0.0,0.0,
343,1474701.0,14747.0,SEA,Seattle International,"Seattle, WA",93.0,United States,US,Washington,WA,53.0,30559.0,"Seattle, WA",93.0,47.0,N,26.0,50.0,47.44722222,122.0,W,18.0,20.0,-122.30555556,-800.0,1950-01-01,1983-11-30,0.0,0.0,
344,1476101.0,14761.0,SFB,Sanford NAS,"Sanford, FL",33.0,United States,US,Florida,FL,12.0,34761.0,"Sanford, FL",33.0,28.0,N,46.0,30.0,28.775,81.0,W,14.0,25.0,-81.24027778,-500.0,1950-01-01,1968-12-31,0.0,0.0,
345,1477101.0,14771.0,SFO,San Francisco International,"San Francisco, CA",91.0,United States,US,California,CA,6.0,32457.0,"San Francisco, CA (Metropolitan Area)",91.0,37.0,N,37.0,8.0,37.61888889,122.0,W,22.0,30.0,-122.375,-800.0,1950-01-01,2015-03-31,0.0,0.0,
346,1478301.0,14783.0,SGF,Springfield-Branson National,"Springfield, MO",64.0,United States,US,Missouri,MO,29.0,34783.0,"Springfield, MO",64.0,37.0,N,14.0,24.0,37.24,93.0,W,23.0,6.0,-93.385,-600.0,1950-01-01,2011-06-30,0.0,0.0,
347,1479401.0,14794.0,SGU,St George Municipal,"St. George, UT",87.0,United States,US,Utah,UT,49.0,34794.0,"St. George, UT",87.0,37.0,N,5.0,35.0,37.09305556,113.0,W,35.0,32.0,-113.59222222,-700.0,1950-01-01,2010-12-31,0.0,0.0,
348,1480201.0,14802.0,SHD,Shenandoah Valley Regional,"Staunton, VA",38.0,United States,US,Virginia,VA,51.0,34802.0,"Staunton, VA",38.0,38.0,N,15.0,50.0,38.26388889,78.0,W,53.0,48.0,-78.89666667,-500.0,1950-01-01,2011-06-30,0.0,0.0,
349,1481201.0,14812.0,SHR,Sheridan County,"Sheridan, WY",88.0,United States,US,Wyoming,WY,56.0,34812.0,"Sheridan, WY",88.0,44.0,N,46.0,27.0,44.77416667,106.0,W,58.0,38.0,-106.97722222,-700.0,1950-01-01,2011-06-30,0.0,0.0,
350,1481401.0,14814.0,SHV,Shreveport Regional,"Shreveport, LA",72.0,United States,US,Louisiana,LA,22.0,30476.0,"Shreveport, LA",72.0,32.0,N,26.0,49.0,32.44694444,93.0,W,49.0,32.0,-93.82555556,-600.0,1950-01-01,2011-06-30,0.0,0.0,
351,1482801.0,14828.0,SIT,Sitka Rocky Gutierrez,"Sitka, AK",1.0,United States,US,Alaska,AK,2.0,34828.0,"Sitka, AK",1.0,57.0,N,2.0,55.0,57.04861111,135.0,W,21.0,42.0,-135.36166667,-900.0,1950-01-01,2011-06-30,0.0,0.0,
352,1483101.0,14831.0,SJC,San Jose International,"San Jose, CA",91.0,United States,US,California,CA,6.0,32457.0,"San Francisco, CA (Metropolitan Area)",91.0,37.0,N,21.0,46.0,37.36277778,121.0,W,56.0,26.0,-121.94055556,-800.0,1950-01-01,2001-10-31,0.0,0.0,
353,1484201.0,14842.0,SJT,San Angelo Regional/Mathis Field,"San Angelo, TX",74.0,United States,US,Texas,TX,48.0,34842.0,"San Angelo, TX",74.0,31.0,N,21.0,35.0,31.35972222,100.0,W,29.0,40.0,-100.49444444,-600.0,1950-01-01,2011-06-30,0.0,0.0,
354,1484301.0,14843.0,SJU,Puerto Rico International,"San Juan, Puerto Rico",268.0,Puerto Rico,PR,,,,34819.0,"San Juan, Puerto Rico",268.0,18.0,N,26.0,24.0,18.44,66.0,W,0.0,8.0,-66.00222222,-400.0,1950-01-01,1989-12-31,0.0,0.0,
355,1486901.0,14869.0,SLC,Salt Lake City International,"Salt Lake City, UT",87.0,United States,US,Utah,UT,49.0,34614.0,"Salt Lake City, UT",87.0,40.0,N,47.0,3.0,40.78416667,111.0,W,58.0,1.0,-111.96694444,-700.0,1950-01-01,1994-08-31,0.0,0.0,
356,1487101.0,14871.0,SLE,McNary Field,"Salem, OR",92.0,United States,US,Oregon,OR,41.0,34871.0,"Salem, OR",92.0,44.0,N,54.0,37.0,44.91027778,123.0,W,0.0,5.0,-123.00138889,-800.0,1950-01-01,2011-06-30,0.0,0.0,
357,1487701.0,14877.0,SLN,Salina Municipal,"Salina, KS",62.0,United States,US,Kansas,KS,20.0,34877.0,"Salina, KS",62.0,38.0,N,47.0,27.0,38.79083333,97.0,W,39.0,9.0,-97.6525,-600.0,1950-01-01,2011-06-30,0.0,0.0,
358,1489301.0,14893.0,SMF,Sacramento International,"Sacramento, CA",91.0,United States,US,California,CA,6.0,33192.0,"Sacramento, CA",91.0,38.0,N,41.0,44.0,38.69555556,121.0,W,35.0,23.0,-121.58972222,-800.0,1950-01-01,2011-06-30,0.0,0.0,
359,1490501.0,14905.0,SMX,Santa Maria Public/Capt. G. Allan Hancock Field,"Santa Maria, CA",91.0,United States,US,California,CA,6.0,34905.0,"Santa Maria, CA",91.0,34.0,N,54.0,18.0,34.905,120.0,W,27.0,28.0,-120.45777778,-800.0,1950-01-01,2011-06-30,0.0,0.0,
360,1490801.0,14908.0,SNA,Orange County,"Santa Ana, CA",91.0,United States,US,California,CA,6.0,32575.0,"Los Angeles, CA (Metropolitan Area)",91.0,33.0,N,40.0,32.0,33.67555556,117.0,W,52.0,1.0,-117.86694444,-800.0,1950-01-01,1979-05-31,0.0,0.0,
361,1495201.0,14952.0,SPI,Capital,"Springfield, IL",41.0,United States,US,Illinois,IL,17.0,34952.0,"Springfield, IL",41.0,39.0,N,50.0,39.0,39.84416667,89.0,W,40.0,44.0,-89.67888889,-600.0,1950-01-01,2004-05-31,0.0,0.0,
362,1495501.0,14955.0,SPN,Saipan International,"Saipan, Northern Mariana Islands",841.0,Northern Mariana Islands,MP,,,,34955.0,"Saipan, Northern Mariana Islands",841.0,15.0,N,7.0,13.0,15.12027778,145.0,E,43.0,49.0,145.73027778,1000.0,1950-01-01,1989-12-31,0.0,0.0,
363,1496001.0,14960.0,SPS,Sheppard AFB/Wichita Falls Municipal,"Wichita Falls, TX",74.0,United States,US,Texas,TX,48.0,34960.0,"Wichita Falls, TX",74.0,33.0,N,59.0,18.0,33.98833333,98.0,W,29.0,31.0,-98.49194444,-600.0,1950-01-01,2011-06-30,0.0,0.0,
364,1498601.0,14986.0,SRQ,Sarasota/Bradenton Airport,"Sarasota/Bradenton, FL",33.0,United States,US,Florida,FL,12.0,34986.0,"Sarasota/Bradenton, FL",33.0,27.0,N,23.0,38.0,27.39388889,82.0,W,33.0,15.0,-82.55416667,-500.0,1950-01-01,1992-10-31,0.0,0.0,
365,1500801.0,15008.0,STC,St. Cloud Regional,"St. Cloud, MN",63.0,United States,US,Minnesota,MN,27.0,32556.0,"St. Cloud, MN",63.0,45.0,N,32.0,43.0,45.54527778,94.0,W,3.0,30.0,-94.05833333,-600.0,1950-01-01,2011-06-30,0.0,0.0,
366,1501301.0,15013.0,STI,Cibao International,"Santiago, Dominican Republic",224.0,Dominican Republic,DO,,,,35013.0,"Santiago, Dominican Republic",224.0,19.0,N,28.0,11.0,19.46972222,70.0,W,41.0,59.0,-70.69972222,-400.0,1950-01-01,2002-03-31,0.0,0.0,
367,1501601.0,15016.0,STL,Lambert-St. Louis International,"St. Louis, MO",64.0,United States,US,Missouri,MO,29.0,31123.0,"St. Louis, MO",64.0,38.0,N,44.0,50.0,38.74722222,90.0,W,21.0,52.0,-90.36444444,-600.0,1950-01-01,2002-11-30,0.0,0.0,
368,1502301.0,15023.0,STS,Charles M. Schulz - Sonoma County,"Santa Rosa, CA",91.0,United States,US,California,CA,6.0,34433.0,"Santa Rosa, CA",91.0,38.0,N,30.0,33.0,38.50916667,122.0,W,48.0,42.0,-122.81166667,-800.0,1950-01-01,2011-06-30,0.0,0.0,
369,1502401.0,15024.0,STT,Harry S Truman,"Charlotte Amalie, Virgin Islands",283.0,Virgin Islands,VI,,,,34945.0,"Charlotte Amalie, Virgin Islands",283.0,18.0,N,20.0,14.0,18.33722222,64.0,W,58.0,24.0,-64.97333333,-400.0,1950-01-01,1983-12-31,0.0,0.0,
370,1502701.0,15027.0,STX,Alexander Hamilton,"Christiansted, Virgin Islands",283.0,Virgin Islands,VI,,,,34992.0,"Christiansted, Virgin Islands",283.0,17.0,N,42.0,14.0,17.70388889,64.0,W,47.0,56.0,-64.79888889,-400.0,1950-01-01,1989-12-31,0.0,0.0,
371,1504101.0,15041.0,SUN,Friedman Memorial,"Sun Valley/Hailey/Ketchum, ID",83.0,United States,US,Idaho,ID,16.0,35041.0,"Sun Valley/Hailey/Ketchum, ID",83.0,43.0,N,30.0,15.0,43.50416667,114.0,W,18.0,30.0,-114.30833333,-700.0,1950-01-01,2011-06-30,0.0,0.0,
372,1504801.0,15048.0,SUX,Sioux City Gateway,"Sioux City, IA",61.0,United States,US,Iowa,IA,19.0,35048.0,"Sioux City, IA",61.0,42.0,N,24.0,7.0,42.40194444,96.0,W,23.0,3.0,-96.38416667,-600.0,1950-01-01,2002-04-30,0.0,0.0,
373,1507001.0,15070.0,SWF,Stewart International,"Newburgh/Poughkeepsie, NY",22.0,United States,US,New York,NY,36.0,31703.0,"New York City, NY (Metropolitan Area)",22.0,41.0,N,30.0,21.0,41.50583333,74.0,W,5.0,50.0,-74.09722222,-500.0,1950-01-01,2011-06-30,0.0,0.0,
374,1507401.0,15074.0,SWO,Searcy Field,"Stillwater, OK",73.0,United States,US,Oklahoma,OK,40.0,35074.0,"Stillwater, OK",73.0,36.0,N,9.0,32.0,36.15888889,97.0,W,5.0,8.0,-97.08555556,-600.0,1950-01-01,2011-06-30,0.0,0.0,
375,1509601.0,15096.0,SYR,Syracuse Hancock International,"Syracuse, NY",22.0,United States,US,New York,NY,36.0,35096.0,"Syracuse, NY",22.0,43.0,N,6.0,38.0,43.11055556,76.0,W,6.0,9.0,-76.1025,-500.0,1950-01-01,2011-06-30,0.0,0.0,
376,1513801.0,15138.0,TBN,Forney AAF,"Fort Leonard Wood, MO",64.0,United States,US,Missouri,MO,29.0,35138.0,"Fort Leonard Wood, MO",64.0,37.0,N,44.0,29.0,37.74138889,92.0,W,8.0,26.0,-92.14055556,-600.0,1950-01-01,2011-06-30,0.0,0.0,
377,1515401.0,15154.0,TCM,McChord AFB,"Tacoma, WA",93.0,United States,US,Washington,WA,53.0,31979.0,"Tacoma, WA",93.0,47.0,N,8.0,18.0,47.13833333,122.0,W,28.0,30.0,-122.475,-800.0,1950-01-01,2011-06-30,0.0,0.0,
378,1524901.0,15249.0,TLH,Tallahassee Regional,"Tallahassee, FL",33.0,United States,US,Florida,FL,12.0,35249.0,"Tallahassee, FL",33.0,30.0,N,23.0,59.0,30.39972222,84.0,W,21.0,7.0,-84.35194444,-500.0,1950-01-01,2011-06-30,0.0,0.0,
379,1529501.0,15295.0,TOL,Toledo Express,"Toledo, OH",44.0,United States,US,Ohio,OH,39.0,35165.0,"Toledo, OH",44.0,41.0,N,35.0,27.0,41.59083333,83.0,W,48.0,3.0,-83.80083333,-500.0,1950-01-01,2011-06-30,0.0,0.0,
380,1530401.0,15304.0,TPA,Tampa International,"Tampa, FL",33.0,United States,US,Florida,FL,12.0,33195.0,"Tampa, FL (Metropolitan Area)",33.0,27.0,N,58.0,23.0,27.97305556,82.0,W,32.0,7.0,-82.53527778,-500.0,1950-01-01,2011-06-30,0.0,0.0,
381,1532301.0,15323.0,TRI,Tri-Cities Regional TN/VA,"Bristol/Johnson City/Kingsport, TN",54.0,United States,US,Tennessee,TN,47.0,35323.0,"Bristol/Johnson City/Kingsport, TN",54.0,36.0,N,28.0,34.0,36.47611111,82.0,W,24.0,23.0,-82.40638889,-500.0,1950-01-01,2011-06-30,0.0,0.0,
382,1535601.0,15356.0,TTN,Mercer County,"Trenton, NJ",21.0,United States,US,New Jersey,NJ,34.0,35356.0,"Trenton, NJ",21.0,40.0,N,16.0,41.0,40.27805556,74.0,W,48.0,45.0,-74.8125,-500.0,1950-01-01,2011-06-30,0.0,0.0,
383,1537001.0,15370.0,TUL,Tulsa International,"Tulsa, OK",73.0,United States,US,Oklahoma,OK,40.0,34653.0,"Tulsa, OK",73.0,36.0,N,11.0,52.0,36.19777778,95.0,W,53.0,23.0,-95.88972222,-600.0,1950-01-01,2011-06-30,0.0,0.0,
384,1537601.0,15376.0,TUS,Tucson International,"Tucson, AZ",81.0,United States,US,Arizona,AZ,4.0,30436.0,"Tucson, AZ",81.0,32.0,N,6.0,58.0,32.11611111,110.0,W,56.0,26.0,-110.94055556,-700.0,1950-01-01,2011-06-30,0.0,0.0,
385,1538001.0,15380.0,TVC,Cherry Capital,"Traverse City, MI",43.0,United States,US,Michigan,MI,26.0,35380.0,"Traverse City, MI",43.0,44.0,N,44.0,24.0,44.74,85.0,W,35.0,9.0,-85.58583333,-500.0,1950-01-01,2011-06-30,0.0,0.0,
386,1538901.0,15389.0,TWF,Joslin Field - Magic Valley Regional,"Twin Falls, ID",83.0,United States,US,Idaho,ID,16.0,35389.0,"Twin Falls, ID",83.0,42.0,N,28.0,55.0,42.48194444,114.0,W,29.0,12.0,-114.48666667,-700.0,1950-01-01,2011-06-30,0.0,0.0,
387,1540101.0,15401.0,TXK,Texarkana Muni/Webb Field,"Texarkana, AR",71.0,United States,US,Arkansas,AR,5.0,35401.0,"Texarkana, AR",71.0,33.0,N,27.0,23.0,33.45638889,93.0,W,59.0,21.0,-93.98916667,-600.0,1950-01-01,1986-06-30,0.0,0.0,
388,1541101.0,15411.0,TYR,Tyler Pounds Regional,"Tyler, TX",74.0,United States,US,Texas,TX,48.0,35411.0,"Tyler, TX",74.0,32.0,N,21.0,17.0,32.35472222,95.0,W,23.0,56.0,-95.39888889,-600.0,1950-01-01,2011-06-30,0.0,0.0,
389,1541201.0,15412.0,TYS,McGhee Tyson,"Knoxville, TN",54.0,United States,US,Tennessee,TN,47.0,35412.0,"Knoxville, TN",54.0,35.0,N,48.0,44.0,35.81222222,83.0,W,59.0,33.0,-83.9925,-500.0,1950-01-01,2011-06-30,0.0,0.0,
390,1556901.0,15569.0,VCT,Victoria County Foster,"Victoria, TX",74.0,United States,US,Texas,TX,48.0,35569.0,"Victoria, TX",74.0,28.0,N,51.0,4.0,28.85111111,96.0,W,54.0,52.0,-96.91444444,-600.0,1950-01-01,2011-06-30,0.0,0.0,
391,1557001.0,15570.0,VCV,Southern California Logistics,"Victorville, CA",91.0,United States,US,California,CA,6.0,35570.0,"Victorville, CA",91.0,34.0,N,35.0,51.0,34.5975,117.0,W,22.0,59.0,-117.38305556,-800.0,1950-01-01,,0.0,1.0,
392,1558201.0,15582.0,VEL,Vernal Regional,"Vernal, UT",87.0,United States,US,Utah,UT,49.0,35582.0,"Vernal, UT",87.0,40.0,N,26.0,20.0,40.43888889,109.0,W,30.0,37.0,-109.51027778,-700.0,1950-01-01,2011-06-30,0.0,0.0,
393,1560701.0,15607.0,VLD,Valdosta Regional,"Valdosta, GA",34.0,United States,US,Georgia,GA,13.0,35550.0,"Valdosta, GA",34.0,30.0,N,46.0,56.0,30.78222222,83.0,W,16.0,37.0,-83.27694444,-500.0,1950-01-01,2011-06-30,0.0,0.0,
394,1562401.0,15624.0,VPS,Northwest Florida Regional,"Valparaiso, FL",33.0,United States,US,Florida,FL,12.0,31504.0,"Valparaiso, FL",33.0,30.0,N,29.0,0.0,30.48333333,86.0,W,31.0,31.0,-86.52527778,-600.0,1950-01-01,2015-08-31,0.0,0.0,
395,1584101.0,15841.0,WRG,Wrangell Airport,"Wrangell, AK",1.0,United States,US,Alaska,AK,2.0,35841.0,"Wrangell, AK",1.0,56.0,N,29.0,4.0,56.48444444,132.0,W,22.0,0.0,-132.36666667,-900.0,1950-01-01,2011-06-30,0.0,0.0,
396,1589701.0,15897.0,WYS,Yellowstone,"West Yellowstone, MT",84.0,United States,US,Montana,MT,30.0,35897.0,"West Yellowstone, MT",84.0,44.0,N,41.0,12.0,44.68666667,111.0,W,6.0,17.0,-111.10472222,-700.0,1950-01-01,2011-06-30,0.0,0.0,
397,1591901.0,15919.0,XNA,Northwest Arkansas Regional,"Fayetteville, AR",71.0,United States,US,Arkansas,AR,5.0,31834.0,"Fayetteville, AR",71.0,36.0,N,16.0,55.0,36.28194444,94.0,W,18.0,25.0,-94.30694444,-600.0,1998-11-01,2011-09-30,0.0,0.0,
398,1593401.0,15934.0,XWA,Granite Point Ndb,"Granite Point, AK",1.0,United States,US,Alaska,AK,2.0,35934.0,"Granite Point, AK",1.0,60.0,N,57.0,42.0,60.96166667,151.0,W,19.0,54.0,-151.33166667,,1990-03-01,,0.0,1.0,
399,1599101.0,15991.0,YAK,Yakutat Airport,"Yakutat, AK",1.0,United States,US,Alaska,AK,2.0,35991.0,"Yakutat, AK",1.0,59.0,N,30.0,33.0,59.50916667,139.0,W,39.0,35.0,-139.65972222,-900.0,1950-01-01,2011-06-30,0.0,0.0,
400,1604201.0,16042.0,YEG,Edmonton International,"Edmonton, Canada",916.0,Canada,CA,Alberta,AB,,36039.0,"Edmonton, Canada",916.0,53.0,N,18.0,15.0,53.30416667,113.0,W,35.0,30.0,-113.59166667,-700.0,1950-01-01,2011-06-30,0.0,0.0,
401,1609101.0,16091.0,YIP,Willow Run,"Detroit, MI",43.0,United States,US,Michigan,MI,26.0,31295.0,"Detroit, MI",43.0,42.0,N,14.0,16.0,42.23777778,83.0,W,31.0,50.0,-83.53055556,-500.0,1950-01-01,2011-06-30,0.0,0.0,
402,1610101.0,16101.0,YKM,Yakima Air Terminal/McAllister Field,"Yakima, WA",93.0,United States,US,Washington,WA,53.0,36101.0,"Yakima, WA",93.0,46.0,N,34.0,1.0,46.56694444,120.0,W,32.0,16.0,-120.53777778,-800.0,1950-01-01,2011-06-30,0.0,0.0,
403,1621801.0,16218.0,YUM,Yuma MCAS/Yuma International,"Yuma, AZ",81.0,United States,US,Arizona,AZ,4.0,33785.0,"Yuma, AZ",81.0,32.0,N,39.0,24.0,32.65666667,114.0,W,36.0,21.0,-114.60583333,-700.0,1950-01-01,,0.0,1.0,
404,1622901.0,16229.0,YVR,Vancouver International,"Vancouver, Canada",906.0,Canada,CA,British Columbia,BC,,31215.0,"Vancouver, Canada",906.0,49.0,N,11.0,14.0,49.18722222,123.0,W,11.0,7.0,-123.18527778,-800.0,1950-01-01,2011-06-30,0.0,0.0,
405,1625401.0,16254.0,YXY,Whitehorse International,"Whitehorse, Canada",911.0,Canada,CA,Yukon Territory,YT,,36254.0,"Whitehorse, Canada",911.0,60.0,N,43.0,0.0,60.71666667,135.0,W,4.0,0.0,-135.06666667,-800.0,1950-01-01,2011-06-30,0.0,0.0,
406,1625701.0,16257.0,YYC,Calgary International,"Calgary, Canada",916.0,Canada,CA,Alberta,AB,,30863.0,"Calgary, Canada",916.0,51.0,N,6.0,46.0,51.11277778,114.0,W,1.0,11.0,-114.01972222,-700.0,1950-01-01,2011-06-30,0.0,0.0,
407,,,BNH,,,,,,,,,,,,,,,,42.3525,,,,,-71.0258333,,,,,,
